,0,1,2,3,4,5,6,7,8,9,10,11,12,13,14,15,16,17,18,19,20,21,22,23,24,25,26,27,28,29,30,31,32,33,34,35,36,37,38,39,40,41,42,43,44,45,46,47,48,49,50,51,52,53,54,55,56,57,58,59,60,61,62,63,64,65,66,67,68,69,70,71,72,73,74,75,76,77,78,79,80,81,82,83,84,85,86,87,88,89,90,91,92,93,94,95,96,97,98,99,100,101,102,103,104,105,106,107,108,109,110,111,112,113,114,115,116,117,118,119,120,121,122,123,124,125,126,127,128,129,130,131,132,133,134,135,136,137,138,139,140,141,142,143,144,145,146,147,148,149,150,151,152,153,154,155,156,157,158,159,160,161,162,163,164,165,166,167,168,169,170,171,172,173,174,175,176,177,178,179,180,181,182,183,184,185,186,187,188,189,190,191,192,193,194,195,196,197,198,199,200,201,202,203,204,205,206,207,208,209,210,211,212,213,214,215,216,217,218,219,220,221,222,223,224,225,226,227,228,229,230,231,232,233,234,235,236,237,238,239
0,0,FALSE,-,-,-,0,FALSE,-,-,-,0,FALSE,-,-,-,0,FALSE,-,-,-,226.73,TRUE,-,-,-,0,FALSE,-,-,-,0,FALSE,-,-,-,0,FALSE,-,-,-,0,FALSE,-,-,-,0,FALSE,-,-,-,226.73,TRUE,-,-,-,0,FALSE,-,-,-,0,FALSE,-,-,-,0,FALSE,-,-,-,0,FALSE,-,-,-,98.04,TRUE,-,-,-,226.73,TRUE,-,-,-,0,FALSE,-,-,-,0,FALSE,-,-,-,0,FALSE,-,-,-,0,FALSE,-,-,-,98.04,TRUE,-,-,-,226.73,TRUE,-,-,-,0,FALSE,-,-,-,-,-,-,-,-,-,-,-,-,-,-,-,-,-,-,-,-,-,-,-,-,-,-,-,-,-,-,-,-,-,-,-,-,-,-,-,-,-,-,-,-,-,-,-,-,-,-,-,-,-,-,-,-,-,-,-,-,-,-,-,-,-,-,-,-,-,-,-,-,-,-,-,-,-,-,-,-,-,-,-,-,-,-,-,-,-,-,-,-,-,-,-,-,-,-,-,-,-,-,-,-,-,-,-,-,-,-,-,-,-,-,-,-,-,-,-,-,-,-,-
1,-,-,-,-,-,-,-,-,-,-,-,-,-,-,-,-,-,-,-,-,-,-,-,-,-,-,-,-,-,-,-,-,-,-,-,-,-,-,-,-,-,-,-,-,-,-,-,-,-,-,-,-,-,-,-,-,-,-,-,-,-,-,-,-,-,-,-,-,-,-,-,-,-,-,-,-,-,-,-,-,-,-,-,-,-,-,-,-,-,-,-,-,-,-,-,-,-,-,-,-,-,-,-,-,-,-,-,-,-,-,-,-,-,-,-,-,-,-,-,-,0,FALSE,-,-,-,0,FALSE,-,-,-,0,FALSE,-,-,-,98.04,TRUE,-,-,-,226.73,TRUE,-,-,-,0,FALSE,-,-,-,0,FALSE,-,-,-,0,FALSE,-,-,-,0,FALSE,-,-,-,0,FALSE,-,-,-,226.73,TRUE,-,-,-,0,FALSE,-,-,-,0,FALSE,-,-,-,0,FALSE,-,-,-,0,FALSE,-,-,-,98.04,TRUE,-,-,-,226.73,TRUE,-,-,-,0,FALSE,-,-,-,0,FALSE,-,-,-,0,FALSE,-,-,-,0,FALSE,-,-,-,0,FALSE,-,-,-,226.73,TRUE,-,-,-,0,FALSE,-,-,-
2,-,-,-,-,-,-,-,-,-,-,-,-,-,-,-,-,-,-,-,-,-,-,-,-,-,-,-,-,-,-,-,-,-,-,-,-,-,-,-,-,-,-,-,-,-,-,-,-,-,-,-,-,-,-,-,-,-,-,-,-,-,-,-,-,-,-,-,-,-,-,-,-,-,-,-,-,-,-,-,-,-,-,-,-,-,-,-,-,-,-,-,-,-,-,-,-,-,-,-,-,-,-,-,-,-,-,-,-,-,-,-,-,-,-,-,-,-,-,-,-,0,FALSE,-,-,-,203.84,TRUE,-,-,-,0,FALSE,-,-,-,98.04,TRUE,-,-,-,226.73,TRUE,-,-,-,0,FALSE,-,-,-,0,FALSE,-,-,-,203.84,TRUE,-,-,-,0,FALSE,-,-,-,226.73,TRUE,-,-,-,226.73,TRUE,-,-,-,0,FALSE,-,-,-,0,FALSE,-,-,-,203.84,TRUE,-,-,-,0,FALSE,-,-,-,98.04,TRUE,-,-,-,226.73,TRUE,-,-,-,0,FALSE,-,-,-,0,FALSE,-,-,-,203.84,TRUE,-,-,-,0,FALSE,-,-,-,226.73,TRUE,-,-,-,226.73,TRUE,-,-,-,0,FALSE,-,-,-
3,0,FALSE,-,-,-,203.84,TRUE,-,-,-,0,FALSE,-,-,-,226.73,TRUE,-,-,-,226.73,TRUE,-,-,-,0,FALSE,-,-,-,0,FALSE,-,-,-,203.84,TRUE,-,-,-,0,FALSE,-,-,-,226.73,TRUE,-,-,-,226.73,TRUE,-,-,-,0,FALSE,-,-,-,0,FALSE,-,-,-,203.84,TRUE,-,-,-,0,FALSE,-,-,-,98.04,TRUE,-,-,-,226.73,TRUE,-,-,-,0,FALSE,-,-,-,0,FALSE,-,-,-,203.84,TRUE,-,-,-,0,FALSE,-,-,-,98.04,TRUE,-,-,-,226.73,TRUE,-,-,-,0,FALSE,-,-,-,-,-,-,-,-,-,-,-,-,-,-,-,-,-,-,-,-,-,-,-,-,-,-,-,-,-,-,-,-,-,-,-,-,-,-,-,-,-,-,-,-,-,-,-,-,-,-,-,-,-,-,-,-,-,-,-,-,-,-,-,-,-,-,-,-,-,-,-,-,-,-,-,-,-,-,-,-,-,-,-,-,-,-,-,-,-,-,-,-,-,-,-,-,-,-,-,-,-,-,-,-,-,-,-,-,-,-,-,-,-,-,-,-,-,-,-,-,-,-,-
4,0,FALSE,-,-,-,203.84,TRUE,-,-,-,0,FALSE,-,-,-,226.73,TRUE,-,-,-,226.73,TRUE,-,-,-,0,FALSE,-,-,-,0,FALSE,-,-,-,203.84,TRUE,-,-,-,0,FALSE,-,-,-,226.73,TRUE,-,-,-,226.73,TRUE,-,-,-,0,FALSE,-,-,-,0,FALSE,-,-,-,203.84,TRUE,-,-,-,0,FALSE,-,-,-,98.04,TRUE,-,-,-,226.73,TRUE,-,-,-,0,FALSE,-,-,-,0,FALSE,-,-,-,203.84,TRUE,-,-,-,0,FALSE,-,-,-,98.04,TRUE,-,-,-,226.73,TRUE,-,-,-,0,FALSE,-,-,-,-,-,-,-,-,-,-,-,-,-,-,-,-,-,-,-,-,-,-,-,-,-,-,-,-,-,-,-,-,-,-,-,-,-,-,-,-,-,-,-,-,-,-,-,-,-,-,-,-,-,-,-,-,-,-,-,-,-,-,-,-,-,-,-,-,-,-,-,-,-,-,-,-,-,-,-,-,-,-,-,-,-,-,-,-,-,-,-,-,-,-,-,-,-,-,-,-,-,-,-,-,-,-,-,-,-,-,-,-,-,-,-,-,-,-,-,-,-,-,-
5,-,-,-,-,-,-,-,-,-,-,-,-,-,-,-,-,-,-,-,-,-,-,-,-,-,-,-,-,-,-,-,-,-,-,-,-,-,-,-,-,-,-,-,-,-,-,-,-,-,-,-,-,-,-,-,-,-,-,-,-,-,-,-,-,-,-,-,-,-,-,-,-,-,-,-,-,-,-,-,-,-,-,-,-,-,-,-,-,-,-,-,-,-,-,-,-,-,-,-,-,-,-,-,-,-,-,-,-,-,-,-,-,-,-,-,-,-,-,-,-,0,FALSE,-,-,-,203.84,TRUE,-,-,-,0,FALSE,-,-,-,98.04,TRUE,-,-,-,226.73,TRUE,-,-,-,0,FALSE,-,-,-,0,FALSE,-,-,-,203.84,TRUE,-,-,-,0,FALSE,-,-,-,226.73,TRUE,-,-,-,226.73,TRUE,-,-,-,0,FALSE,-,-,-,0,FALSE,-,-,-,203.84,TRUE,-,-,-,0,FALSE,-,-,-,98.04,TRUE,-,-,-,226.73,TRUE,-,-,-,0,FALSE,-,-,-,0,FALSE,-,-,-,203.84,TRUE,-,-,-,0,FALSE,-,-,-,226.73,TRUE,-,-,-,226.73,TRUE,-,-,-,0,FALSE,-,-,-
6,-,-,-,-,-,-,-,-,-,-,-,-,-,-,-,-,-,-,-,-,-,-,-,-,-,-,-,-,-,-,-,-,-,-,-,-,-,-,-,-,-,-,-,-,-,-,-,-,-,-,-,-,-,-,-,-,-,-,-,-,-,-,-,-,-,-,-,-,-,-,-,-,-,-,-,-,-,-,-,-,-,-,-,-,-,-,-,-,-,-,-,-,-,-,-,-,-,-,-,-,-,-,-,-,-,-,-,-,-,-,-,-,-,-,-,-,-,-,-,-,0,FALSE,-,-,-,203.84,TRUE,-,-,-,0,FALSE,-,-,-,98.04,TRUE,-,-,-,226.73,TRUE,-,-,-,0,FALSE,-,-,-,0,FALSE,-,-,-,203.84,TRUE,-,-,-,0,FALSE,-,-,-,226.73,TRUE,-,-,-,226.73,TRUE,-,-,-,0,FALSE,-,-,-,0,FALSE,-,-,-,203.84,TRUE,-,-,-,0,FALSE,-,-,-,98.04,TRUE,-,-,-,226.73,TRUE,-,-,-,0,FALSE,-,-,-,0,FALSE,-,-,-,203.84,TRUE,-,-,-,0,FALSE,-,-,-,226.73,TRUE,-,-,-,226.73,TRUE,-,-,-,0,FALSE,-,-,-
7,0,FALSE,-,-,-,203.84,TRUE,-,-,-,0,FALSE,-,-,-,226.73,TRUE,-,-,-,226.73,TRUE,-,-,-,0,FALSE,-,-,-,0,FALSE,-,-,-,203.84,TRUE,-,-,-,0,FALSE,-,-,-,226.73,TRUE,-,-,-,226.73,TRUE,-,-,-,0,FALSE,-,-,-,0,FALSE,-,-,-,203.84,TRUE,-,-,-,0,FALSE,-,-,-,98.04,TRUE,-,-,-,226.73,TRUE,-,-,-,0,FALSE,-,-,-,0,FALSE,-,-,-,203.84,TRUE,-,-,-,0,FALSE,-,-,-,98.04,TRUE,-,-,-,226.73,TRUE,-,-,-,0,FALSE,-,-,-,-,-,-,-,-,-,-,-,-,-,-,-,-,-,-,-,-,-,-,-,-,-,-,-,-,-,-,-,-,-,-,-,-,-,-,-,-,-,-,-,-,-,-,-,-,-,-,-,-,-,-,-,-,-,-,-,-,-,-,-,-,-,-,-,-,-,-,-,-,-,-,-,-,-,-,-,-,-,-,-,-,-,-,-,-,-,-,-,-,-,-,-,-,-,-,-,-,-,-,-,-,-,-,-,-,-,-,-,-,-,-,-,-,-,-,-,-,-,-,-
8,0,FALSE,-,-,-,203.84,TRUE,-,-,-,0,FALSE,-,-,-,226.73,TRUE,-,-,-,226.73,TRUE,-,-,-,0,FALSE,-,-,-,0,FALSE,-,-,-,203.84,TRUE,-,-,-,0,FALSE,-,-,-,226.73,TRUE,-,-,-,226.73,TRUE,-,-,-,0,FALSE,-,-,-,0,FALSE,-,-,-,203.84,TRUE,-,-,-,0,FALSE,-,-,-,98.04,TRUE,-,-,-,226.73,TRUE,-,-,-,0,FALSE,-,-,-,0,FALSE,-,-,-,203.84,TRUE,-,-,-,0,FALSE,-,-,-,98.04,TRUE,-,-,-,226.73,TRUE,-,-,-,0,FALSE,-,-,-,-,-,-,-,-,-,-,-,-,-,-,-,-,-,-,-,-,-,-,-,-,-,-,-,-,-,-,-,-,-,-,-,-,-,-,-,-,-,-,-,-,-,-,-,-,-,-,-,-,-,-,-,-,-,-,-,-,-,-,-,-,-,-,-,-,-,-,-,-,-,-,-,-,-,-,-,-,-,-,-,-,-,-,-,-,-,-,-,-,-,-,-,-,-,-,-,-,-,-,-,-,-,-,-,-,-,-,-,-,-,-,-,-,-,-,-,-,-,-,-
9,-,-,-,-,-,-,-,-,-,-,-,-,-,-,-,-,-,-,-,-,-,-,-,-,-,-,-,-,-,-,-,-,-,-,-,-,-,-,-,-,-,-,-,-,-,-,-,-,-,-,-,-,-,-,-,-,-,-,-,-,-,-,-,-,-,-,-,-,-,-,-,-,-,-,-,-,-,-,-,-,-,-,-,-,-,-,-,-,-,-,-,-,-,-,-,-,-,-,-,-,-,-,-,-,-,-,-,-,-,-,-,-,-,-,-,-,-,-,-,-,0,FALSE,-,-,-,203.84,TRUE,-,-,-,0,FALSE,-,-,-,98.04,TRUE,-,-,-,226.73,TRUE,-,-,-,0,FALSE,-,-,-,0,FALSE,-,-,-,203.84,TRUE,-,-,-,0,FALSE,-,-,-,226.73,TRUE,-,-,-,226.73,TRUE,-,-,-,0,FALSE,-,-,-,0,FALSE,-,-,-,203.84,TRUE,-,-,-,0,FALSE,-,-,-,98.04,TRUE,-,-,-,226.73,TRUE,-,-,-,0,FALSE,-,-,-,0,FALSE,-,-,-,203.84,TRUE,-,-,-,0,FALSE,-,-,-,226.73,TRUE,-,-,-,226.73,TRUE,-,-,-,0,FALSE,-,-,-
10,-,-,-,-,-,-,-,-,-,-,-,-,-,-,-,-,-,-,-,-,-,-,-,-,-,-,-,-,-,-,-,-,-,-,-,-,-,-,-,-,-,-,-,-,-,-,-,-,-,-,-,-,-,-,-,-,-,-,-,-,-,-,-,-,-,-,-,-,-,-,-,-,-,-,-,-,-,-,-,-,-,-,-,-,-,-,-,-,-,-,-,-,-,-,-,-,-,-,-,-,-,-,-,-,-,-,-,-,-,-,-,-,-,-,-,-,-,-,-,-,0,FALSE,-,-,-,203.84,TRUE,-,-,-,0,FALSE,-,-,-,98.04,TRUE,-,-,-,226.73,TRUE,-,-,-,0,FALSE,-,-,-,0,FALSE,-,-,-,203.84,TRUE,-,-,-,0,FALSE,-,-,-,226.73,TRUE,-,-,-,226.73,TRUE,-,-,-,0,FALSE,-,-,-,0,FALSE,-,-,-,203.84,TRUE,-,-,-,0,FALSE,-,-,-,98.04,TRUE,-,-,-,226.73,TRUE,-,-,-,0,FALSE,-,-,-,0,FALSE,-,-,-,203.84,TRUE,-,-,-,0,FALSE,-,-,-,226.73,TRUE,-,-,-,226.73,TRUE,-,-,-,0,FALSE,-,-,-
11,0,FALSE,-,-,-,203.84,TRUE,-,-,-,0,FALSE,-,-,-,226.73,TRUE,-,-,-,226.73,TRUE,-,-,-,0,FALSE,-,-,-,0,FALSE,-,-,-,203.84,TRUE,-,-,-,0,FALSE,-,-,-,226.73,TRUE,-,-,-,226.73,TRUE,-,-,-,0,FALSE,-,-,-,0,FALSE,-,-,-,203.84,TRUE,-,-,-,0,FALSE,-,-,-,98.04,TRUE,-,-,-,226.73,TRUE,-,-,-,0,FALSE,-,-,-,0,FALSE,-,-,-,203.84,TRUE,-,-,-,0,FALSE,-,-,-,98.04,TRUE,-,-,-,226.73,TRUE,-,-,-,0,FALSE,-,-,-,-,-,-,-,-,-,-,-,-,-,-,-,-,-,-,-,-,-,-,-,-,-,-,-,-,-,-,-,-,-,-,-,-,-,-,-,-,-,-,-,-,-,-,-,-,-,-,-,-,-,-,-,-,-,-,-,-,-,-,-,-,-,-,-,-,-,-,-,-,-,-,-,-,-,-,-,-,-,-,-,-,-,-,-,-,-,-,-,-,-,-,-,-,-,-,-,-,-,-,-,-,-,-,-,-,-,-,-,-,-,-,-,-,-,-,-,-,-,-,-
12,-,-,10,-,-,-,-,10,-,-,-,-,10,-,-,-,-,10,-,-,-,-,10,-,-,-,-,10,-,-,-,-,10,-,-,-,-,10,-,-,-,-,10,-,-,-,-,10,-,-,-,-,10,-,-,-,-,10,-,-,-,-,10,-,-,-,-,10,-,-,-,-,10,-,-,-,-,10,-,-,-,-,10,-,-,-,-,10,-,-,-,-,10,-,-,-,-,10,-,-,-,-,10,-,-,-,-,10,-,-,-,-,10,-,-,-,-,10,-,-,-,-,-,-,-,-,-,-,-,-,-,-,-,-,-,-,-,-,-,-,-,-,-,-,-,-,-,-,-,-,-,-,-,-,-,-,-,-,-,-,-,-,-,-,-,-,-,-,-,-,-,-,-,-,-,-,-,-,-,-,-,-,-,-,-,-,-,-,-,-,-,-,-,-,-,-,-,-,-,-,-,-,-,-,-,-,-,-,-,-,-,-,-,-,-,-,-,-,-,-,-,-,-,-,-,-,-,-,-,-,-,-,-,-,-,-,-,-,-,-
13,-,-,-,-,-,-,-,-,-,-,-,-,-,-,-,-,-,-,-,-,-,-,-,-,-,-,-,-,-,-,-,-,-,-,-,-,-,-,-,-,-,-,-,-,-,-,-,-,-,-,-,-,-,-,-,-,-,-,-,-,-,-,-,-,-,-,-,-,-,-,-,-,-,-,-,-,-,-,-,-,-,-,-,-,-,-,-,-,-,-,-,-,-,-,-,-,-,-,-,-,-,-,-,-,-,-,-,-,-,-,-,-,-,-,-,-,-,-,-,-,-,-,10,-,-,-,-,10,-,-,-,-,10,-,-,-,-,10,-,-,-,-,10,-,-,-,-,10,-,-,-,-,10,-,-,-,-,10,-,-,-,-,10,-,-,-,-,10,-,-,-,-,10,-,-,-,-,10,-,-,-,-,10,-,-,-,-,10,-,-,-,-,10,-,-,-,-,10,-,-,-,-,10,-,-,-,-,10,-,-,-,-,10,-,-,-,-,10,-,-,-,-,10,-,-,-,-,10,-,-,-,-,10,-,-,-,-,10,-,-
14,-,-,-,10,TRUE,-,-,-,19.37,TRUE,-,-,-,10,TRUE,-,-,-,19.37,TRUE,-,-,-,19.37,TRUE,-,-,-,10,TRUE,-,-,-,10,TRUE,-,-,-,19.37,TRUE,-,-,-,10,TRUE,-,-,-,19.37,TRUE,-,-,-,19.37,TRUE,-,-,-,10,TRUE,-,-,-,10,TRUE,-,-,-,19.37,TRUE,-,-,-,10,TRUE,-,-,-,18.7,TRUE,-,-,-,19.37,TRUE,-,-,-,10,TRUE,-,-,-,10,TRUE,-,-,-,19.37,TRUE,-,-,-,10,TRUE,-,-,-,18.7,TRUE,-,-,-,19.37,TRUE,-,-,-,10,TRUE,-,-,-,-,-,-,-,-,-,-,-,-,-,-,-,-,-,-,-,-,-,-,-,-,-,-,-,-,-,-,-,-,-,-,-,-,-,-,-,-,-,-,-,-,-,-,-,-,-,-,-,-,-,-,-,-,-,-,-,-,-,-,-,-,-,-,-,-,-,-,-,-,-,-,-,-,-,-,-,-,-,-,-,-,-,-,-,-,-,-,-,-,-,-,-,-,-,-,-,-,-,-,-,-,-,-,-,-,-,-,-,-,-,-,-,-,-,-,-,-
15,-,-,-,-,-,-,-,-,-,-,-,-,-,-,-,-,-,-,-,-,-,-,-,-,-,-,-,-,-,-,-,-,-,-,-,-,-,-,-,-,-,-,-,-,-,-,-,-,-,-,-,-,-,-,-,-,-,-,-,-,-,-,-,-,-,-,-,-,-,-,-,-,-,-,-,-,-,-,-,-,-,-,-,-,-,-,-,-,-,-,-,-,-,-,-,-,-,-,-,-,-,-,-,-,-,-,-,-,-,-,-,-,-,-,-,-,-,-,-,-,-,-,-,10,TRUE,-,-,-,19.37,TRUE,-,-,-,10,TRUE,-,-,-,18.7,TRUE,-,-,-,19.37,TRUE,-,-,-,10,TRUE,-,-,-,10,TRUE,-,-,-,19.37,TRUE,-,-,-,10,TRUE,-,-,-,19.37,TRUE,-,-,-,19.37,TRUE,-,-,-,10,TRUE,-,-,-,10,TRUE,-,-,-,19.37,TRUE,-,-,-,10,TRUE,-,-,-,18.7,TRUE,-,-,-,19.37,TRUE,-,-,-,10,TRUE,-,-,-,10,TRUE,-,-,-,19.37,TRUE,-,-,-,10,TRUE,-,-,-,19.37,TRUE,-,-,-,19.37,TRUE,-,-,-,10,TRUE
16,-,-,-,-,-,-,-,-,-,-,-,-,-,-,-,-,-,-,-,-,-,-,-,-,-,-,-,-,-,-,-,-,-,-,-,-,-,-,-,-,-,-,-,-,-,-,-,-,-,-,-,-,-,-,-,-,-,-,-,-,-,-,-,-,-,-,-,-,-,-,-,-,-,-,-,-,-,-,-,-,-,-,-,-,-,-,-,-,-,-,-,-,-,-,-,-,-,-,-,-,-,-,-,-,-,-,-,-,-,-,-,-,-,-,-,-,-,-,-,-,-,-,-,10,TRUE,-,-,-,18.89,TRUE,-,-,-,10,TRUE,-,-,-,17.46,TRUE,-,-,-,18.69,TRUE,-,-,-,10,TRUE,-,-,-,10,TRUE,-,-,-,18.89,TRUE,-,-,-,10,TRUE,-,-,-,18.8,TRUE,-,-,-,18.69,TRUE,-,-,-,10,TRUE,-,-,-,10,TRUE,-,-,-,18.89,TRUE,-,-,-,10,TRUE,-,-,-,17.46,TRUE,-,-,-,18.69,TRUE,-,-,-,10,TRUE,-,-,-,10,TRUE,-,-,-,18.89,TRUE,-,-,-,10,TRUE,-,-,-,18.8,TRUE,-,-,-,18.69,TRUE,-,-,-,10,TRUE
17,-,-,-,10,TRUE,-,-,-,18.89,TRUE,-,-,-,10,TRUE,-,-,-,18.8,TRUE,-,-,-,18.69,TRUE,-,-,-,10,TRUE,-,-,-,10,TRUE,-,-,-,18.89,TRUE,-,-,-,10,TRUE,-,-,-,18.8,TRUE,-,-,-,18.69,TRUE,-,-,-,10,TRUE,-,-,-,10,TRUE,-,-,-,18.89,TRUE,-,-,-,10,TRUE,-,-,-,17.46,TRUE,-,-,-,18.69,TRUE,-,-,-,10,TRUE,-,-,-,10,TRUE,-,-,-,18.89,TRUE,-,-,-,10,TRUE,-,-,-,17.46,TRUE,-,-,-,18.69,TRUE,-,-,-,10,TRUE,-,-,-,-,-,-,-,-,-,-,-,-,-,-,-,-,-,-,-,-,-,-,-,-,-,-,-,-,-,-,-,-,-,-,-,-,-,-,-,-,-,-,-,-,-,-,-,-,-,-,-,-,-,-,-,-,-,-,-,-,-,-,-,-,-,-,-,-,-,-,-,-,-,-,-,-,-,-,-,-,-,-,-,-,-,-,-,-,-,-,-,-,-,-,-,-,-,-,-,-,-,-,-,-,-,-,-,-,-,-,-,-,-,-,-,-,-,-,-,-
18,-,-,-,10,TRUE,-,-,-,18.18,TRUE,-,-,-,10,TRUE,-,-,-,18.18,TRUE,-,-,-,18.08,TRUE,-,-,-,10,TRUE,-,-,-,10,TRUE,-,-,-,18.18,TRUE,-,-,-,10,TRUE,-,-,-,18.18,TRUE,-,-,-,18.08,TRUE,-,-,-,10,TRUE,-,-,-,10,TRUE,-,-,-,18.18,TRUE,-,-,-,10,TRUE,-,-,-,16.25,TRUE,-,-,-,18.08,TRUE,-,-,-,10,TRUE,-,-,-,10,TRUE,-,-,-,18.18,TRUE,-,-,-,10,TRUE,-,-,-,16.25,TRUE,-,-,-,18.08,TRUE,-,-,-,10,TRUE,-,-,-,-,-,-,-,-,-,-,-,-,-,-,-,-,-,-,-,-,-,-,-,-,-,-,-,-,-,-,-,-,-,-,-,-,-,-,-,-,-,-,-,-,-,-,-,-,-,-,-,-,-,-,-,-,-,-,-,-,-,-,-,-,-,-,-,-,-,-,-,-,-,-,-,-,-,-,-,-,-,-,-,-,-,-,-,-,-,-,-,-,-,-,-,-,-,-,-,-,-,-,-,-,-,-,-,-,-,-,-,-,-,-,-,-,-,-,-,-
19,-,-,-,-,-,-,-,-,-,-,-,-,-,-,-,-,-,-,-,-,-,-,-,-,-,-,-,-,-,-,-,-,-,-,-,-,-,-,-,-,-,-,-,-,-,-,-,-,-,-,-,-,-,-,-,-,-,-,-,-,-,-,-,-,-,-,-,-,-,-,-,-,-,-,-,-,-,-,-,-,-,-,-,-,-,-,-,-,-,-,-,-,-,-,-,-,-,-,-,-,-,-,-,-,-,-,-,-,-,-,-,-,-,-,-,-,-,-,-,-,-,-,-,10,TRUE,-,-,-,18.18,TRUE,-,-,-,10,TRUE,-,-,-,16.25,TRUE,-,-,-,18.08,TRUE,-,-,-,10,TRUE,-,-,-,10,TRUE,-,-,-,18.18,TRUE,-,-,-,10,TRUE,-,-,-,18.18,TRUE,-,-,-,18.08,TRUE,-,-,-,10,TRUE,-,-,-,10,TRUE,-,-,-,18.18,TRUE,-,-,-,10,TRUE,-,-,-,16.25,TRUE,-,-,-,18.08,TRUE,-,-,-,10,TRUE,-,-,-,10,TRUE,-,-,-,18.18,TRUE,-,-,-,10,TRUE,-,-,-,18.18,TRUE,-,-,-,18.08,TRUE,-,-,-,10,TRUE
20,-,-,-,-,-,-,-,-,-,-,-,-,-,-,-,-,-,-,-,-,-,-,-,-,-,-,-,-,-,-,-,-,-,-,-,-,-,-,-,-,-,-,-,-,-,-,-,-,-,-,-,-,-,-,-,-,-,-,-,-,-,-,-,-,-,-,-,-,-,-,-,-,-,-,-,-,-,-,-,-,-,-,-,-,-,-,-,-,-,-,-,-,-,-,-,-,-,-,-,-,-,-,-,-,-,-,-,-,-,-,-,-,-,-,-,-,-,-,-,-,-,-,-,10,FALSE,-,-,-,17.77,TRUE,-,-,-,10,FALSE,-,-,-,14.99,TRUE,-,-,-,17.25,TRUE,-,-,-,10,FALSE,-,-,-,10,FALSE,-,-,-,17.77,TRUE,-,-,-,10,FALSE,-,-,-,17.67,TRUE,-,-,-,17.25,TRUE,-,-,-,10,FALSE,-,-,-,10,FALSE,-,-,-,17.77,TRUE,-,-,-,10,FALSE,-,-,-,14.99,TRUE,-,-,-,17.25,TRUE,-,-,-,10,FALSE,-,-,-,10,FALSE,-,-,-,17.77,TRUE,-,-,-,10,FALSE,-,-,-,17.67,TRUE,-,-,-,17.25,TRUE,-,-,-,10,FALSE
21,-,-,-,10,FALSE,-,-,-,17.77,TRUE,-,-,-,10,FALSE,-,-,-,17.67,TRUE,-,-,-,17.25,TRUE,-,-,-,10,FALSE,-,-,-,10,FALSE,-,-,-,17.77,TRUE,-,-,-,10,FALSE,-,-,-,17.67,TRUE,-,-,-,17.25,TRUE,-,-,-,10,FALSE,-,-,-,10,FALSE,-,-,-,17.77,TRUE,-,-,-,10,FALSE,-,-,-,14.99,TRUE,-,-,-,17.25,TRUE,-,-,-,10,FALSE,-,-,-,10,FALSE,-,-,-,17.77,TRUE,-,-,-,10,FALSE,-,-,-,14.99,TRUE,-,-,-,17.25,TRUE,-,-,-,10,FALSE,-,-,-,-,-,-,-,-,-,-,-,-,-,-,-,-,-,-,-,-,-,-,-,-,-,-,-,-,-,-,-,-,-,-,-,-,-,-,-,-,-,-,-,-,-,-,-,-,-,-,-,-,-,-,-,-,-,-,-,-,-,-,-,-,-,-,-,-,-,-,-,-,-,-,-,-,-,-,-,-,-,-,-,-,-,-,-,-,-,-,-,-,-,-,-,-,-,-,-,-,-,-,-,-,-,-,-,-,-,-,-,-,-,-,-,-,-,-,-,-
22,-,-,-,10,FALSE,-,-,-,17.25,TRUE,-,-,-,10,FALSE,-,-,-,17.05,TRUE,-,-,-,16.67,TRUE,-,-,-,10,FALSE,-,-,-,10,FALSE,-,-,-,17.25,TRUE,-,-,-,10,FALSE,-,-,-,17.05,TRUE,-,-,-,16.67,TRUE,-,-,-,10,FALSE,-,-,-,10,FALSE,-,-,-,17.25,TRUE,-,-,-,10,FALSE,-,-,-,13.55,TRUE,-,-,-,16.67,TRUE,-,-,-,10,FALSE,-,-,-,10,FALSE,-,-,-,17.25,TRUE,-,-,-,10,FALSE,-,-,-,13.55,TRUE,-,-,-,16.67,TRUE,-,-,-,10,FALSE,-,-,-,-,-,-,-,-,-,-,-,-,-,-,-,-,-,-,-,-,-,-,-,-,-,-,-,-,-,-,-,-,-,-,-,-,-,-,-,-,-,-,-,-,-,-,-,-,-,-,-,-,-,-,-,-,-,-,-,-,-,-,-,-,-,-,-,-,-,-,-,-,-,-,-,-,-,-,-,-,-,-,-,-,-,-,-,-,-,-,-,-,-,-,-,-,-,-,-,-,-,-,-,-,-,-,-,-,-,-,-,-,-,-,-,-,-,-,-,-
23,-,-,-,-,-,-,-,-,-,-,-,-,-,-,-,-,-,-,-,-,-,-,-,-,-,-,-,-,-,-,-,-,-,-,-,-,-,-,-,-,-,-,-,-,-,-,-,-,-,-,-,-,-,-,-,-,-,-,-,-,-,-,-,-,-,-,-,-,-,-,-,-,-,-,-,-,-,-,-,-,-,-,-,-,-,-,-,-,-,-,-,-,-,-,-,-,-,-,-,-,-,-,-,-,-,-,-,-,-,-,-,-,-,-,-,-,-,-,-,-,-,-,-,10,FALSE,-,-,-,17.25,TRUE,-,-,-,10,FALSE,-,-,-,13.55,TRUE,-,-,-,16.67,TRUE,-,-,-,10,FALSE,-,-,-,10,FALSE,-,-,-,17.25,TRUE,-,-,-,10,FALSE,-,-,-,17.05,TRUE,-,-,-,16.67,TRUE,-,-,-,10,FALSE,-,-,-,10,FALSE,-,-,-,17.25,TRUE,-,-,-,10,FALSE,-,-,-,13.55,TRUE,-,-,-,16.67,TRUE,-,-,-,10,FALSE,-,-,-,10,FALSE,-,-,-,17.25,TRUE,-,-,-,10,FALSE,-,-,-,17.05,TRUE,-,-,-,16.67,TRUE,-,-,-,10,FALSE
24,-,-,-,-,-,-,-,-,-,-,-,-,-,-,-,-,-,-,-,-,-,-,-,-,-,-,-,-,-,-,-,-,-,-,-,-,-,-,-,-,-,-,-,-,-,-,-,-,-,-,-,-,-,-,-,-,-,-,-,-,-,-,-,-,-,-,-,-,-,-,-,-,-,-,-,-,-,-,-,-,-,-,-,-,-,-,-,-,-,-,-,-,-,-,-,-,-,-,-,-,-,-,-,-,-,-,-,-,-,-,-,-,-,-,-,-,-,-,-,-,-,-,-,10,FALSE,-,-,-,16.67,TRUE,-,-,-,10,FALSE,-,-,-,12.47,TRUE,-,-,-,15.84,TRUE,-,-,-,10,FALSE,-,-,-,10,FALSE,-,-,-,16.67,TRUE,-,-,-,10,FALSE,-,-,-,16.46,TRUE,-,-,-,15.84,TRUE,-,-,-,10,FALSE,-,-,-,10,FALSE,-,-,-,16.67,TRUE,-,-,-,10,FALSE,-,-,-,12.47,TRUE,-,-,-,15.84,TRUE,-,-,-,10,FALSE,-,-,-,10,FALSE,-,-,-,16.67,TRUE,-,-,-,10,FALSE,-,-,-,16.46,TRUE,-,-,-,15.84,TRUE,-,-,-,10,FALSE
25,-,-,-,10,FALSE,-,-,-,16.67,TRUE,-,-,-,10,FALSE,-,-,-,16.46,TRUE,-,-,-,15.84,TRUE,-,-,-,10,FALSE,-,-,-,10,FALSE,-,-,-,16.67,TRUE,-,-,-,10,FALSE,-,-,-,16.46,TRUE,-,-,-,15.84,TRUE,-,-,-,10,FALSE,-,-,-,10,FALSE,-,-,-,16.67,TRUE,-,-,-,10,FALSE,-,-,-,12.47,TRUE,-,-,-,15.84,TRUE,-,-,-,10,FALSE,-,-,-,10,FALSE,-,-,-,16.67,TRUE,-,-,-,10,FALSE,-,-,-,12.47,TRUE,-,-,-,15.84,TRUE,-,-,-,10,FALSE,-,-,-,-,-,-,-,-,-,-,-,-,-,-,-,-,-,-,-,-,-,-,-,-,-,-,-,-,-,-,-,-,-,-,-,-,-,-,-,-,-,-,-,-,-,-,-,-,-,-,-,-,-,-,-,-,-,-,-,-,-,-,-,-,-,-,-,-,-,-,-,-,-,-,-,-,-,-,-,-,-,-,-,-,-,-,-,-,-,-,-,-,-,-,-,-,-,-,-,-,-,-,-,-,-,-,-,-,-,-,-,-,-,-,-,-,-,-,-,-
26,-,-,-,10,FALSE,-,-,-,16.25,TRUE,-,-,-,10,FALSE,-,-,-,15.84,TRUE,-,-,-,15.31,TRUE,-,-,-,10,FALSE,-,-,-,10,FALSE,-,-,-,16.25,TRUE,-,-,-,10,FALSE,-,-,-,15.84,TRUE,-,-,-,15.31,TRUE,-,-,-,10,FALSE,-,-,-,10,FALSE,-,-,-,16.25,TRUE,-,-,-,10,FALSE,-,-,-,11.33,TRUE,-,-,-,15.31,TRUE,-,-,-,10,FALSE,-,-,-,10,FALSE,-,-,-,16.25,TRUE,-,-,-,10,FALSE,-,-,-,11.33,TRUE,-,-,-,15.31,TRUE,-,-,-,10,FALSE,-,-,-,-,-,-,-,-,-,-,-,-,-,-,-,-,-,-,-,-,-,-,-,-,-,-,-,-,-,-,-,-,-,-,-,-,-,-,-,-,-,-,-,-,-,-,-,-,-,-,-,-,-,-,-,-,-,-,-,-,-,-,-,-,-,-,-,-,-,-,-,-,-,-,-,-,-,-,-,-,-,-,-,-,-,-,-,-,-,-,-,-,-,-,-,-,-,-,-,-,-,-,-,-,-,-,-,-,-,-,-,-,-,-,-,-,-,-,-,-
27,-,-,-,-,-,-,-,-,-,-,-,-,-,-,-,-,-,-,-,-,-,-,-,-,-,-,-,-,-,-,-,-,-,-,-,-,-,-,-,-,-,-,-,-,-,-,-,-,-,-,-,-,-,-,-,-,-,-,-,-,-,-,-,-,-,-,-,-,-,-,-,-,-,-,-,-,-,-,-,-,-,-,-,-,-,-,-,-,-,-,-,-,-,-,-,-,-,-,-,-,-,-,-,-,-,-,-,-,-,-,-,-,-,-,-,-,-,-,-,-,-,-,-,10,FALSE,-,-,-,16.25,TRUE,-,-,-,10,FALSE,-,-,-,11.33,TRUE,-,-,-,15.31,TRUE,-,-,-,10,FALSE,-,-,-,10,FALSE,-,-,-,16.25,TRUE,-,-,-,10,FALSE,-,-,-,15.84,TRUE,-,-,-,15.31,TRUE,-,-,-,10,FALSE,-,-,-,10,FALSE,-,-,-,16.25,TRUE,-,-,-,10,FALSE,-,-,-,11.33,TRUE,-,-,-,15.31,TRUE,-,-,-,10,FALSE,-,-,-,10,FALSE,-,-,-,16.25,TRUE,-,-,-,10,FALSE,-,-,-,15.84,TRUE,-,-,-,15.31,TRUE,-,-,-,10,FALSE
28,-,-,-,-,-,-,-,-,-,-,-,-,-,-,-,-,-,-,-,-,-,-,-,-,-,-,-,-,-,-,-,-,-,-,-,-,-,-,-,-,-,-,-,-,-,-,-,-,-,-,-,-,-,-,-,-,-,-,-,-,-,-,-,-,-,-,-,-,-,-,-,-,-,-,-,-,-,-,-,-,-,-,-,-,-,-,-,-,-,-,-,-,-,-,-,-,-,-,-,-,-,-,-,-,-,-,-,-,-,-,-,-,-,-,-,-,-,-,-,-,-,-,-,10,FALSE,-,-,-,15.41,TRUE,-,-,-,10,FALSE,-,-,-,10.0,TRUE,-,-,-,14.66,TRUE,-,-,-,10,FALSE,-,-,-,10,FALSE,-,-,-,15.41,TRUE,-,-,-,10,FALSE,-,-,-,15.31,FALSE,-,-,-,14.66,TRUE,-,-,-,10,FALSE,-,-,-,10,FALSE,-,-,-,15.41,TRUE,-,-,-,10,FALSE,-,-,-,10.0,TRUE,-,-,-,14.66,TRUE,-,-,-,10,FALSE,-,-,-,10,FALSE,-,-,-,15.41,TRUE,-,-,-,10,FALSE,-,-,-,15.31,FALSE,-,-,-,14.66,TRUE,-,-,-,10,FALSE
29,-,-,-,10,FALSE,-,-,-,15.41,TRUE,-,-,-,10,FALSE,-,-,-,15.31,FALSE,-,-,-,14.66,TRUE,-,-,-,10,FALSE,-,-,-,10,FALSE,-,-,-,15.41,TRUE,-,-,-,10,FALSE,-,-,-,15.31,FALSE,-,-,-,14.66,TRUE,-,-,-,10,FALSE,-,-,-,10,FALSE,-,-,-,15.41,TRUE,-,-,-,10,FALSE,-,-,-,10.0,TRUE,-,-,-,14.66,TRUE,-,-,-,10,FALSE,-,-,-,10,FALSE,-,-,-,15.41,TRUE,-,-,-,10,FALSE,-,-,-,10.0,TRUE,-,-,-,14.66,TRUE,-,-,-,10,FALSE,-,-,-,-,-,-,-,-,-,-,-,-,-,-,-,-,-,-,-,-,-,-,-,-,-,-,-,-,-,-,-,-,-,-,-,-,-,-,-,-,-,-,-,-,-,-,-,-,-,-,-,-,-,-,-,-,-,-,-,-,-,-,-,-,-,-,-,-,-,-,-,-,-,-,-,-,-,-,-,-,-,-,-,-,-,-,-,-,-,-,-,-,-,-,-,-,-,-,-,-,-,-,-,-,-,-,-,-,-,-,-,-,-,-,-,-,-,-,-,-
30,-,-,-,10,FALSE,-,-,-,14.99,TRUE,-,-,-,10,FALSE,-,-,-,14.66,FALSE,-,-,-,14.34,TRUE,-,-,-,10,FALSE,-,-,-,10,FALSE,-,-,-,14.99,TRUE,-,-,-,10,FALSE,-,-,-,14.66,FALSE,-,-,-,14.34,TRUE,-,-,-,10,FALSE,-,-,-,10,FALSE,-,-,-,14.99,TRUE,-,-,-,10,FALSE,-,-,-,10.0,TRUE,-,-,-,14.34,TRUE,-,-,-,10,FALSE,-,-,-,10,FALSE,-,-,-,14.99,TRUE,-,-,-,10,FALSE,-,-,-,10.0,TRUE,-,-,-,14.34,TRUE,-,-,-,10,FALSE,-,-,-,-,-,-,-,-,-,-,-,-,-,-,-,-,-,-,-,-,-,-,-,-,-,-,-,-,-,-,-,-,-,-,-,-,-,-,-,-,-,-,-,-,-,-,-,-,-,-,-,-,-,-,-,-,-,-,-,-,-,-,-,-,-,-,-,-,-,-,-,-,-,-,-,-,-,-,-,-,-,-,-,-,-,-,-,-,-,-,-,-,-,-,-,-,-,-,-,-,-,-,-,-,-,-,-,-,-,-,-,-,-,-,-,-,-,-,-,-
31,-,-,-,-,-,-,-,-,-,-,-,-,-,-,-,-,-,-,-,-,-,-,-,-,-,-,-,-,-,-,-,-,-,-,-,-,-,-,-,-,-,-,-,-,-,-,-,-,-,-,-,-,-,-,-,-,-,-,-,-,-,-,-,-,-,-,-,-,-,-,-,-,-,-,-,-,-,-,-,-,-,-,-,-,-,-,-,-,-,-,-,-,-,-,-,-,-,-,-,-,-,-,-,-,-,-,-,-,-,-,-,-,-,-,-,-,-,-,-,-,-,-,-,10,FALSE,-,-,-,14.99,TRUE,-,-,-,10,FALSE,-,-,-,10.0,TRUE,-,-,-,14.34,TRUE,-,-,-,10,FALSE,-,-,-,10,FALSE,-,-,-,14.99,TRUE,-,-,-,10,FALSE,-,-,-,14.66,FALSE,-,-,-,14.34,TRUE,-,-,-,10,FALSE,-,-,-,10,FALSE,-,-,-,14.99,TRUE,-,-,-,10,FALSE,-,-,-,10.0,TRUE,-,-,-,14.34,TRUE,-,-,-,10,FALSE,-,-,-,10,FALSE,-,-,-,14.99,TRUE,-,-,-,10,FALSE,-,-,-,14.66,FALSE,-,-,-,14.34,TRUE,-,-,-,10,FALSE
32,-,-,-,-,-,-,-,-,-,-,-,-,-,-,-,-,-,-,-,-,-,-,-,-,-,-,-,-,-,-,-,-,-,-,-,-,-,-,-,-,-,-,-,-,-,-,-,-,-,-,-,-,-,-,-,-,-,-,-,-,-,-,-,-,-,-,-,-,-,-,-,-,-,-,-,-,-,-,-,-,-,-,-,-,-,-,-,-,-,-,-,-,-,-,-,-,-,-,-,-,-,-,-,-,-,-,-,-,-,-,-,-,-,-,-,-,-,-,-,-,-,-,-,10,FALSE,-,-,-,14.34,TRUE,-,-,-,10,FALSE,-,-,-,10.0,TRUE,-,-,-,13.12,TRUE,-,-,-,10,FALSE,-,-,-,10,FALSE,-,-,-,14.34,FALSE,-,-,-,10,FALSE,-,-,-,14.34,FALSE,-,-,-,13.12,TRUE,-,-,-,10,FALSE,-,-,-,10,FALSE,-,-,-,14.34,FALSE,-,-,-,10,FALSE,-,-,-,10.0,TRUE,-,-,-,13.12,TRUE,-,-,-,10,FALSE,-,-,-,10,FALSE,-,-,-,14.34,TRUE,-,-,-,10,FALSE,-,-,-,14.34,FALSE,-,-,-,13.12,TRUE,-,-,-,10,FALSE
33,-,-,-,10,FALSE,-,-,-,14.34,FALSE,-,-,-,10,FALSE,-,-,-,14.34,FALSE,-,-,-,13.12,TRUE,-,-,-,10,FALSE,-,-,-,10,FALSE,-,-,-,14.34,TRUE,-,-,-,10,FALSE,-,-,-,14.34,FALSE,-,-,-,13.12,TRUE,-,-,-,10,FALSE,-,-,-,10,FALSE,-,-,-,14.34,FALSE,-,-,-,10,FALSE,-,-,-,10.0,TRUE,-,-,-,13.12,TRUE,-,-,-,10,FALSE,-,-,-,10,FALSE,-,-,-,14.34,TRUE,-,-,-,10,FALSE,-,-,-,10.0,TRUE,-,-,-,13.12,TRUE,-,-,-,10,FALSE,-,-,-,-,-,-,-,-,-,-,-,-,-,-,-,-,-,-,-,-,-,-,-,-,-,-,-,-,-,-,-,-,-,-,-,-,-,-,-,-,-,-,-,-,-,-,-,-,-,-,-,-,-,-,-,-,-,-,-,-,-,-,-,-,-,-,-,-,-,-,-,-,-,-,-,-,-,-,-,-,-,-,-,-,-,-,-,-,-,-,-,-,-,-,-,-,-,-,-,-,-,-,-,-,-,-,-,-,-,-,-,-,-,-,-,-,-,-,-,-
34,-,-,-,10,FALSE,-,-,-,13.55,FALSE,-,-,-,10,FALSE,-,-,-,13.55,FALSE,-,-,-,12.69,TRUE,-,-,-,10,FALSE,-,-,-,10,FALSE,-,-,-,13.55,TRUE,-,-,-,10,FALSE,-,-,-,13.55,FALSE,-,-,-,12.69,TRUE,-,-,-,10,FALSE,-,-,-,10,FALSE,-,-,-,13.55,FALSE,-,-,-,10,FALSE,-,-,-,10.0,TRUE,-,-,-,12.69,TRUE,-,-,-,10,FALSE,-,-,-,10,FALSE,-,-,-,13.55,TRUE,-,-,-,10,FALSE,-,-,-,10.0,TRUE,-,-,-,12.69,TRUE,-,-,-,10,FALSE,-,-,-,-,-,-,-,-,-,-,-,-,-,-,-,-,-,-,-,-,-,-,-,-,-,-,-,-,-,-,-,-,-,-,-,-,-,-,-,-,-,-,-,-,-,-,-,-,-,-,-,-,-,-,-,-,-,-,-,-,-,-,-,-,-,-,-,-,-,-,-,-,-,-,-,-,-,-,-,-,-,-,-,-,-,-,-,-,-,-,-,-,-,-,-,-,-,-,-,-,-,-,-,-,-,-,-,-,-,-,-,-,-,-,-,-,-,-,-,-
35,-,-,-,-,-,-,-,-,-,-,-,-,-,-,-,-,-,-,-,-,-,-,-,-,-,-,-,-,-,-,-,-,-,-,-,-,-,-,-,-,-,-,-,-,-,-,-,-,-,-,-,-,-,-,-,-,-,-,-,-,-,-,-,-,-,-,-,-,-,-,-,-,-,-,-,-,-,-,-,-,-,-,-,-,-,-,-,-,-,-,-,-,-,-,-,-,-,-,-,-,-,-,-,-,-,-,-,-,-,-,-,-,-,-,-,-,-,-,-,-,-,-,-,10,FALSE,-,-,-,13.55,TRUE,-,-,-,10,FALSE,-,-,-,10.0,TRUE,-,-,-,12.69,TRUE,-,-,-,10,FALSE,-,-,-,10,FALSE,-,-,-,13.55,FALSE,-,-,-,10,FALSE,-,-,-,13.55,FALSE,-,-,-,12.69,TRUE,-,-,-,10,FALSE,-,-,-,10,FALSE,-,-,-,13.55,FALSE,-,-,-,10,FALSE,-,-,-,10.0,TRUE,-,-,-,12.69,TRUE,-,-,-,10,FALSE,-,-,-,10,FALSE,-,-,-,13.55,TRUE,-,-,-,10,FALSE,-,-,-,13.55,FALSE,-,-,-,12.69,TRUE,-,-,-,10,FALSE
36,-,-,-,-,-,-,-,-,-,-,-,-,-,-,-,-,-,-,-,-,-,-,-,-,-,-,-,-,-,-,-,-,-,-,-,-,-,-,-,-,-,-,-,-,-,-,-,-,-,-,-,-,-,-,-,-,-,-,-,-,-,-,-,-,-,-,-,-,-,-,-,-,-,-,-,-,-,-,-,-,-,-,-,-,-,-,-,-,-,-,-,-,-,-,-,-,-,-,-,-,-,-,-,-,-,-,-,-,-,-,-,-,-,-,-,-,-,-,-,-,-,-,-,10,FALSE,-,-,-,13.12,FALSE,-,-,-,10,FALSE,-,-,-,10.0,FALSE,-,-,-,12.03,TRUE,-,-,-,10,FALSE,-,-,-,10,FALSE,-,-,-,13.12,FALSE,-,-,-,10,FALSE,-,-,-,13.12,FALSE,-,-,-,12.03,FALSE,-,-,-,10,FALSE,-,-,-,10,FALSE,-,-,-,13.12,FALSE,-,-,-,10,FALSE,-,-,-,10.0,FALSE,-,-,-,12.03,FALSE,-,-,-,10,FALSE,-,-,-,10,FALSE,-,-,-,13.12,FALSE,-,-,-,10,FALSE,-,-,-,13.12,FALSE,-,-,-,12.03,TRUE,-,-,-,10,FALSE
37,-,-,-,10,FALSE,-,-,-,13.12,FALSE,-,-,-,10,FALSE,-,-,-,13.12,FALSE,-,-,-,12.03,FALSE,-,-,-,10,FALSE,-,-,-,10,FALSE,-,-,-,13.12,FALSE,-,-,-,10,FALSE,-,-,-,13.12,FALSE,-,-,-,12.03,TRUE,-,-,-,10,FALSE,-,-,-,10,FALSE,-,-,-,13.12,FALSE,-,-,-,10,FALSE,-,-,-,10.0,FALSE,-,-,-,12.03,FALSE,-,-,-,10,FALSE,-,-,-,10,FALSE,-,-,-,13.12,FALSE,-,-,-,10,FALSE,-,-,-,10.0,FALSE,-,-,-,12.03,TRUE,-,-,-,10,FALSE,-,-,-,-,-,-,-,-,-,-,-,-,-,-,-,-,-,-,-,-,-,-,-,-,-,-,-,-,-,-,-,-,-,-,-,-,-,-,-,-,-,-,-,-,-,-,-,-,-,-,-,-,-,-,-,-,-,-,-,-,-,-,-,-,-,-,-,-,-,-,-,-,-,-,-,-,-,-,-,-,-,-,-,-,-,-,-,-,-,-,-,-,-,-,-,-,-,-,-,-,-,-,-,-,-,-,-,-,-,-,-,-,-,-,-,-,-,-,-,-
38,-,-,-,10,FALSE,-,-,-,12.69,FALSE,-,-,-,10,FALSE,-,-,-,12.25,FALSE,-,-,-,11.33,FALSE,-,-,-,10,FALSE,-,-,-,10,FALSE,-,-,-,12.69,FALSE,-,-,-,10,FALSE,-,-,-,12.25,FALSE,-,-,-,11.33,FALSE,-,-,-,10,FALSE,-,-,-,10,FALSE,-,-,-,12.69,FALSE,-,-,-,10,FALSE,-,-,-,10.0,FALSE,-,-,-,11.33,FALSE,-,-,-,10,FALSE,-,-,-,10,FALSE,-,-,-,12.69,FALSE,-,-,-,10,FALSE,-,-,-,10.0,FALSE,-,-,-,11.33,FALSE,-,-,-,10,FALSE,-,-,-,-,-,-,-,-,-,-,-,-,-,-,-,-,-,-,-,-,-,-,-,-,-,-,-,-,-,-,-,-,-,-,-,-,-,-,-,-,-,-,-,-,-,-,-,-,-,-,-,-,-,-,-,-,-,-,-,-,-,-,-,-,-,-,-,-,-,-,-,-,-,-,-,-,-,-,-,-,-,-,-,-,-,-,-,-,-,-,-,-,-,-,-,-,-,-,-,-,-,-,-,-,-,-,-,-,-,-,-,-,-,-,-,-,-,-,-,-
39,-,-,-,-,-,-,-,-,-,-,-,-,-,-,-,-,-,-,-,-,-,-,-,-,-,-,-,-,-,-,-,-,-,-,-,-,-,-,-,-,-,-,-,-,-,-,-,-,-,-,-,-,-,-,-,-,-,-,-,-,-,-,-,-,-,-,-,-,-,-,-,-,-,-,-,-,-,-,-,-,-,-,-,-,-,-,-,-,-,-,-,-,-,-,-,-,-,-,-,-,-,-,-,-,-,-,-,-,-,-,-,-,-,-,-,-,-,-,-,-,-,-,-,10,FALSE,-,-,-,12.69,FALSE,-,-,-,10,FALSE,-,-,-,10.0,FALSE,-,-,-,11.33,FALSE,-,-,-,10,FALSE,-,-,-,10,FALSE,-,-,-,12.69,FALSE,-,-,-,10,FALSE,-,-,-,12.25,FALSE,-,-,-,11.33,FALSE,-,-,-,10,FALSE,-,-,-,10,FALSE,-,-,-,12.69,FALSE,-,-,-,10,FALSE,-,-,-,10.0,FALSE,-,-,-,11.33,FALSE,-,-,-,10,FALSE,-,-,-,10,FALSE,-,-,-,12.69,FALSE,-,-,-,10,FALSE,-,-,-,12.25,FALSE,-,-,-,11.33,FALSE,-,-,-,10,FALSE
40,-,-,-,-,-,-,-,-,-,-,-,-,-,-,-,-,-,-,-,-,-,-,-,-,-,-,-,-,-,-,-,-,-,-,-,-,-,-,-,-,-,-,-,-,-,-,-,-,-,-,-,-,-,-,-,-,-,-,-,-,-,-,-,-,-,-,-,-,-,-,-,-,-,-,-,-,-,-,-,-,-,-,-,-,-,-,-,-,-,-,-,-,-,-,-,-,-,-,-,-,-,-,-,-,-,-,-,-,-,-,-,-,-,-,-,-,-,-,-,-,-,-,-,10,FALSE,-,-,-,12.25,FALSE,-,-,-,10,FALSE,-,-,-,10.0,FALSE,-,-,-,10.67,FALSE,-,-,-,10,FALSE,-,-,-,10,FALSE,-,-,-,12.25,FALSE,-,-,-,10,FALSE,-,-,-,11.81,FALSE,-,-,-,10.67,FALSE,-,-,-,10,FALSE,-,-,-,10,FALSE,-,-,-,12.25,FALSE,-,-,-,10,FALSE,-,-,-,10.0,FALSE,-,-,-,10.67,FALSE,-,-,-,10,FALSE,-,-,-,10,FALSE,-,-,-,12.25,FALSE,-,-,-,10,FALSE,-,-,-,11.81,FALSE,-,-,-,10.67,FALSE,-,-,-,10,FALSE
41,-,-,-,10,FALSE,-,-,-,12.25,FALSE,-,-,-,10,FALSE,-,-,-,11.81,FALSE,-,-,-,10.67,FALSE,-,-,-,10,FALSE,-,-,-,10,FALSE,-,-,-,12.25,FALSE,-,-,-,10,FALSE,-,-,-,11.81,FALSE,-,-,-,10.67,FALSE,-,-,-,10,FALSE,-,-,-,10,FALSE,-,-,-,12.25,FALSE,-,-,-,10,FALSE,-,-,-,10.0,FALSE,-,-,-,10.67,FALSE,-,-,-,10,FALSE,-,-,-,10,FALSE,-,-,-,12.25,FALSE,-,-,-,10,FALSE,-,-,-,10.0,FALSE,-,-,-,10.67,FALSE,-,-,-,10,FALSE,-,-,-,-,-,-,-,-,-,-,-,-,-,-,-,-,-,-,-,-,-,-,-,-,-,-,-,-,-,-,-,-,-,-,-,-,-,-,-,-,-,-,-,-,-,-,-,-,-,-,-,-,-,-,-,-,-,-,-,-,-,-,-,-,-,-,-,-,-,-,-,-,-,-,-,-,-,-,-,-,-,-,-,-,-,-,-,-,-,-,-,-,-,-,-,-,-,-,-,-,-,-,-,-,-,-,-,-,-,-,-,-,-,-,-,-,-,-,-,-
42,-,-,-,10,FALSE,-,-,-,11.59,FALSE,-,-,-,10,FALSE,-,-,-,11.14,FALSE,-,-,-,10.0,FALSE,-,-,-,10,FALSE,-,-,-,10,FALSE,-,-,-,11.59,FALSE,-,-,-,10,FALSE,-,-,-,11.14,FALSE,-,-,-,10.0,FALSE,-,-,-,10,FALSE,-,-,-,10,FALSE,-,-,-,11.59,FALSE,-,-,-,10,FALSE,-,-,-,10.0,FALSE,-,-,-,10.0,FALSE,-,-,-,10,FALSE,-,-,-,10,FALSE,-,-,-,11.59,FALSE,-,-,-,10,FALSE,-,-,-,10.0,FALSE,-,-,-,10.0,FALSE,-,-,-,10,FALSE,-,-,-,-,-,-,-,-,-,-,-,-,-,-,-,-,-,-,-,-,-,-,-,-,-,-,-,-,-,-,-,-,-,-,-,-,-,-,-,-,-,-,-,-,-,-,-,-,-,-,-,-,-,-,-,-,-,-,-,-,-,-,-,-,-,-,-,-,-,-,-,-,-,-,-,-,-,-,-,-,-,-,-,-,-,-,-,-,-,-,-,-,-,-,-,-,-,-,-,-,-,-,-,-,-,-,-,-,-,-,-,-,-,-,-,-,-,-,-,-
43,-,-,-,-,-,-,-,-,-,-,-,-,-,-,-,-,-,-,-,-,-,-,-,-,-,-,-,-,-,-,-,-,-,-,-,-,-,-,-,-,-,-,-,-,-,-,-,-,-,-,-,-,-,-,-,-,-,-,-,-,-,-,-,-,-,-,-,-,-,-,-,-,-,-,-,-,-,-,-,-,-,-,-,-,-,-,-,-,-,-,-,-,-,-,-,-,-,-,-,-,-,-,-,-,-,-,-,-,-,-,-,-,-,-,-,-,-,-,-,-,-,-,-,10,FALSE,-,-,-,11.59,FALSE,-,-,-,10,FALSE,-,-,-,10.0,FALSE,-,-,-,10.0,FALSE,-,-,-,10,FALSE,-,-,-,10,FALSE,-,-,-,11.59,FALSE,-,-,-,10,FALSE,-,-,-,11.14,FALSE,-,-,-,10.0,FALSE,-,-,-,10,FALSE,-,-,-,10,FALSE,-,-,-,11.59,FALSE,-,-,-,10,FALSE,-,-,-,10.0,FALSE,-,-,-,10.0,FALSE,-,-,-,10,FALSE,-,-,-,10,FALSE,-,-,-,11.59,FALSE,-,-,-,10,FALSE,-,-,-,11.14,FALSE,-,-,-,10.0,FALSE,-,-,-,10,FALSE
44,-,-,-,-,-,-,-,-,-,-,-,-,-,-,-,-,-,-,-,-,-,-,-,-,-,-,-,-,-,-,-,-,-,-,-,-,-,-,-,-,-,-,-,-,-,-,-,-,-,-,-,-,-,-,-,-,-,-,-,-,-,-,-,-,-,-,-,-,-,-,-,-,-,-,-,-,-,-,-,-,-,-,-,-,-,-,-,-,-,-,-,-,-,-,-,-,-,-,-,-,-,-,-,-,-,-,-,-,-,-,-,-,-,-,-,-,-,-,-,-,-,-,-,10,FALSE,-,-,-,11.11,FALSE,-,-,-,10,FALSE,-,-,-,10.0,FALSE,-,-,-,10.0,FALSE,-,-,-,10,FALSE,-,-,-,10,FALSE,-,-,-,11.11,FALSE,-,-,-,10,FALSE,-,-,-,10.56,FALSE,-,-,-,10.0,FALSE,-,-,-,10,FALSE,-,-,-,10,FALSE,-,-,-,11.11,FALSE,-,-,-,10,FALSE,-,-,-,10.0,FALSE,-,-,-,10.0,FALSE,-,-,-,10,FALSE,-,-,-,10,FALSE,-,-,-,11.11,FALSE,-,-,-,10,FALSE,-,-,-,10.56,FALSE,-,-,-,10.0,FALSE,-,-,-,10,FALSE
45,-,-,-,10,FALSE,-,-,-,11.11,FALSE,-,-,-,10,FALSE,-,-,-,10.56,FALSE,-,-,-,10.0,FALSE,-,-,-,10,FALSE,-,-,-,10,FALSE,-,-,-,11.11,FALSE,-,-,-,10,FALSE,-,-,-,10.56,FALSE,-,-,-,10.0,FALSE,-,-,-,10,FALSE,-,-,-,10,FALSE,-,-,-,11.11,FALSE,-,-,-,10,FALSE,-,-,-,10.0,FALSE,-,-,-,10.0,FALSE,-,-,-,10,FALSE,-,-,-,10,FALSE,-,-,-,11.11,FALSE,-,-,-,10,FALSE,-,-,-,10.0,FALSE,-,-,-,10.0,FALSE,-,-,-,10,FALSE,-,-,-,-,-,-,-,-,-,-,-,-,-,-,-,-,-,-,-,-,-,-,-,-,-,-,-,-,-,-,-,-,-,-,-,-,-,-,-,-,-,-,-,-,-,-,-,-,-,-,-,-,-,-,-,-,-,-,-,-,-,-,-,-,-,-,-,-,-,-,-,-,-,-,-,-,-,-,-,-,-,-,-,-,-,-,-,-,-,-,-,-,-,-,-,-,-,-,-,-,-,-,-,-,-,-,-,-,-,-,-,-,-,-,-,-,-,-,-,-
46,-,-,-,10,FALSE,-,-,-,10.56,FALSE,-,-,-,10,FALSE,-,-,-,10.0,FALSE,-,-,-,10.0,FALSE,-,-,-,10,FALSE,-,-,-,10,FALSE,-,-,-,10.56,FALSE,-,-,-,10,FALSE,-,-,-,10.0,FALSE,-,-,-,10.0,FALSE,-,-,-,10,FALSE,-,-,-,10,FALSE,-,-,-,10.56,FALSE,-,-,-,10,FALSE,-,-,-,10.0,FALSE,-,-,-,10.0,FALSE,-,-,-,10,FALSE,-,-,-,10,FALSE,-,-,-,10.56,FALSE,-,-,-,10,FALSE,-,-,-,10.0,FALSE,-,-,-,10.0,FALSE,-,-,-,10,FALSE,-,-,-,-,-,-,-,-,-,-,-,-,-,-,-,-,-,-,-,-,-,-,-,-,-,-,-,-,-,-,-,-,-,-,-,-,-,-,-,-,-,-,-,-,-,-,-,-,-,-,-,-,-,-,-,-,-,-,-,-,-,-,-,-,-,-,-,-,-,-,-,-,-,-,-,-,-,-,-,-,-,-,-,-,-,-,-,-,-,-,-,-,-,-,-,-,-,-,-,-,-,-,-,-,-,-,-,-,-,-,-,-,-,-,-,-,-,-,-,-
47,-,-,-,-,-,-,-,-,-,-,-,-,-,-,-,-,-,-,-,-,-,-,-,-,-,-,-,-,-,-,-,-,-,-,-,-,-,-,-,-,-,-,-,-,-,-,-,-,-,-,-,-,-,-,-,-,-,-,-,-,-,-,-,-,-,-,-,-,-,-,-,-,-,-,-,-,-,-,-,-,-,-,-,-,-,-,-,-,-,-,-,-,-,-,-,-,-,-,-,-,-,-,-,-,-,-,-,-,-,-,-,-,-,-,-,-,-,-,-,-,-,-,-,10,FALSE,-,-,-,10.56,FALSE,-,-,-,10,FALSE,-,-,-,10.0,FALSE,-,-,-,10.0,FALSE,-,-,-,10,FALSE,-,-,-,10,FALSE,-,-,-,10.56,FALSE,-,-,-,10,FALSE,-,-,-,10.0,FALSE,-,-,-,10.0,FALSE,-,-,-,10,FALSE,-,-,-,10,FALSE,-,-,-,10.56,FALSE,-,-,-,10,FALSE,-,-,-,10.0,FALSE,-,-,-,10.0,FALSE,-,-,-,10,FALSE,-,-,-,10,FALSE,-,-,-,10.56,FALSE,-,-,-,10,FALSE,-,-,-,10.0,FALSE,-,-,-,10.0,FALSE,-,-,-,10,FALSE
48,-,-,-,-,-,-,-,-,-,-,-,-,-,-,-,-,-,-,-,-,-,-,-,-,-,-,-,-,-,-,-,-,-,-,-,-,-,-,-,-,-,-,-,-,-,-,-,-,-,-,-,-,-,-,-,-,-,-,-,-,-,-,-,-,-,-,-,-,-,-,-,-,-,-,-,-,-,-,-,-,-,-,-,-,-,-,-,-,-,-,-,-,-,-,-,-,-,-,-,-,-,-,-,-,-,-,-,-,-,-,-,-,-,-,-,-,-,-,-,-,-,-,-,10,FALSE,-,-,-,10.0,FALSE,-,-,-,10,FALSE,-,-,-,10.0,FALSE,-,-,-,10.0,FALSE,-,-,-,10,FALSE,-,-,-,10,FALSE,-,-,-,10.0,FALSE,-,-,-,10,FALSE,-,-,-,10.0,FALSE,-,-,-,10.0,FALSE,-,-,-,10,FALSE,-,-,-,10,FALSE,-,-,-,10.0,FALSE,-,-,-,10,FALSE,-,-,-,10.0,FALSE,-,-,-,10.0,FALSE,-,-,-,10,FALSE,-,-,-,10,FALSE,-,-,-,10.0,FALSE,-,-,-,10,FALSE,-,-,-,10.0,FALSE,-,-,-,10.0,FALSE,-,-,-,10,FALSE
49,-,-,-,10,FALSE,-,-,-,10.0,FALSE,-,-,-,10,FALSE,-,-,-,10.0,FALSE,-,-,-,10.0,FALSE,-,-,-,10,FALSE,-,-,-,10,FALSE,-,-,-,10.0,FALSE,-,-,-,10,FALSE,-,-,-,10.0,FALSE,-,-,-,10.0,FALSE,-,-,-,10,FALSE,-,-,-,10,FALSE,-,-,-,10.0,FALSE,-,-,-,10,FALSE,-,-,-,10.0,FALSE,-,-,-,10.0,FALSE,-,-,-,10,FALSE,-,-,-,10,FALSE,-,-,-,10.0,FALSE,-,-,-,10,FALSE,-,-,-,10.0,FALSE,-,-,-,10.0,FALSE,-,-,-,10,FALSE,-,-,-,-,-,-,-,-,-,-,-,-,-,-,-,-,-,-,-,-,-,-,-,-,-,-,-,-,-,-,-,-,-,-,-,-,-,-,-,-,-,-,-,-,-,-,-,-,-,-,-,-,-,-,-,-,-,-,-,-,-,-,-,-,-,-,-,-,-,-,-,-,-,-,-,-,-,-,-,-,-,-,-,-,-,-,-,-,-,-,-,-,-,-,-,-,-,-,-,-,-,-,-,-,-,-,-,-,-,-,-,-,-,-,-,-,-,-,-,-
50,-,-,-,10,FALSE,-,-,-,10.0,FALSE,-,-,-,10,FALSE,-,-,-,10.0,FALSE,-,-,-,10.0,FALSE,-,-,-,10,FALSE,-,-,-,10,FALSE,-,-,-,10.0,FALSE,-,-,-,10,FALSE,-,-,-,10.0,FALSE,-,-,-,10.0,FALSE,-,-,-,10,FALSE,-,-,-,10,FALSE,-,-,-,10.0,FALSE,-,-,-,10,FALSE,-,-,-,10.0,FALSE,-,-,-,10.0,FALSE,-,-,-,10,FALSE,-,-,-,10,FALSE,-,-,-,10.0,FALSE,-,-,-,10,FALSE,-,-,-,10.0,FALSE,-,-,-,10.0,FALSE,-,-,-,10,FALSE,-,-,-,-,-,-,-,-,-,-,-,-,-,-,-,-,-,-,-,-,-,-,-,-,-,-,-,-,-,-,-,-,-,-,-,-,-,-,-,-,-,-,-,-,-,-,-,-,-,-,-,-,-,-,-,-,-,-,-,-,-,-,-,-,-,-,-,-,-,-,-,-,-,-,-,-,-,-,-,-,-,-,-,-,-,-,-,-,-,-,-,-,-,-,-,-,-,-,-,-,-,-,-,-,-,-,-,-,-,-,-,-,-,-,-,-,-,-,-,-
51,-,-,-,-,-,-,-,-,-,-,-,-,-,-,-,-,-,-,-,-,-,-,-,-,-,-,-,-,-,-,-,-,-,-,-,-,-,-,-,-,-,-,-,-,-,-,-,-,-,-,-,-,-,-,-,-,-,-,-,-,-,-,-,-,-,-,-,-,-,-,-,-,-,-,-,-,-,-,-,-,-,-,-,-,-,-,-,-,-,-,-,-,-,-,-,-,-,-,-,-,-,-,-,-,-,-,-,-,-,-,-,-,-,-,-,-,-,-,-,-,-,-,-,10,FALSE,-,-,-,10.0,FALSE,-,-,-,10,FALSE,-,-,-,10.0,FALSE,-,-,-,10.0,FALSE,-,-,-,10,FALSE,-,-,-,10,FALSE,-,-,-,10.0,FALSE,-,-,-,10,FALSE,-,-,-,10.0,FALSE,-,-,-,10.0,FALSE,-,-,-,10,FALSE,-,-,-,10,FALSE,-,-,-,10.0,FALSE,-,-,-,10,FALSE,-,-,-,10.0,FALSE,-,-,-,10.0,FALSE,-,-,-,10,FALSE,-,-,-,10,FALSE,-,-,-,10.0,FALSE,-,-,-,10,FALSE,-,-,-,10.0,FALSE,-,-,-,10.0,FALSE,-,-,-,10,FALSE
52,-,-,-,-,-,-,-,-,-,-,-,-,-,-,-,-,-,-,-,-,-,-,-,-,-,-,-,-,-,-,-,-,-,-,-,-,-,-,-,-,-,-,-,-,-,-,-,-,-,-,-,-,-,-,-,-,-,-,-,-,-,-,-,-,-,-,-,-,-,-,-,-,-,-,-,-,-,-,-,-,-,-,-,-,-,-,-,-,-,-,-,-,-,-,-,-,-,-,-,-,-,-,-,-,-,-,-,-,-,-,-,-,-,-,-,-,-,-,-,-,-,-,-,10,FALSE,-,-,-,10.0,FALSE,-,-,-,10,FALSE,-,-,-,10.0,FALSE,-,-,-,10.0,FALSE,-,-,-,10,FALSE,-,-,-,10,FALSE,-,-,-,10.0,FALSE,-,-,-,10,FALSE,-,-,-,10.0,FALSE,-,-,-,10.0,FALSE,-,-,-,10,FALSE,-,-,-,10,FALSE,-,-,-,10.0,FALSE,-,-,-,10,FALSE,-,-,-,10.0,FALSE,-,-,-,10.0,FALSE,-,-,-,10,FALSE,-,-,-,10,FALSE,-,-,-,10.0,FALSE,-,-,-,10,FALSE,-,-,-,10.0,FALSE,-,-,-,10.0,FALSE,-,-,-,10,FALSE
53,-,-,-,10,FALSE,-,-,-,10.0,FALSE,-,-,-,10,FALSE,-,-,-,10.0,FALSE,-,-,-,10.0,FALSE,-,-,-,10,FALSE,-,-,-,10,FALSE,-,-,-,10.0,FALSE,-,-,-,10,FALSE,-,-,-,10.0,FALSE,-,-,-,10.0,FALSE,-,-,-,10,FALSE,-,-,-,10,FALSE,-,-,-,10.0,FALSE,-,-,-,10,FALSE,-,-,-,10.0,FALSE,-,-,-,10.0,FALSE,-,-,-,10,FALSE,-,-,-,10,FALSE,-,-,-,10.0,FALSE,-,-,-,10,FALSE,-,-,-,10.0,FALSE,-,-,-,10.0,FALSE,-,-,-,10,FALSE,-,-,-,-,-,-,-,-,-,-,-,-,-,-,-,-,-,-,-,-,-,-,-,-,-,-,-,-,-,-,-,-,-,-,-,-,-,-,-,-,-,-,-,-,-,-,-,-,-,-,-,-,-,-,-,-,-,-,-,-,-,-,-,-,-,-,-,-,-,-,-,-,-,-,-,-,-,-,-,-,-,-,-,-,-,-,-,-,-,-,-,-,-,-,-,-,-,-,-,-,-,-,-,-,-,-,-,-,-,-,-,-,-,-,-,-,-,-,-,-
54,-,-,-,10,FALSE,-,-,-,10.0,FALSE,-,-,-,10,FALSE,-,-,-,10.0,FALSE,-,-,-,10.0,FALSE,-,-,-,10,FALSE,-,-,-,10,FALSE,-,-,-,10.0,FALSE,-,-,-,10,FALSE,-,-,-,10.0,FALSE,-,-,-,10.0,FALSE,-,-,-,10,FALSE,-,-,-,10,FALSE,-,-,-,10.0,FALSE,-,-,-,10,FALSE,-,-,-,10.0,FALSE,-,-,-,10.0,FALSE,-,-,-,10,FALSE,-,-,-,10,FALSE,-,-,-,10.0,FALSE,-,-,-,10,FALSE,-,-,-,10.0,FALSE,-,-,-,10.0,FALSE,-,-,-,10,FALSE,-,-,-,-,-,-,-,-,-,-,-,-,-,-,-,-,-,-,-,-,-,-,-,-,-,-,-,-,-,-,-,-,-,-,-,-,-,-,-,-,-,-,-,-,-,-,-,-,-,-,-,-,-,-,-,-,-,-,-,-,-,-,-,-,-,-,-,-,-,-,-,-,-,-,-,-,-,-,-,-,-,-,-,-,-,-,-,-,-,-,-,-,-,-,-,-,-,-,-,-,-,-,-,-,-,-,-,-,-,-,-,-,-,-,-,-,-,-,-,-
55,-,-,-,-,-,-,-,-,-,-,-,-,-,-,-,-,-,-,-,-,-,-,-,-,-,-,-,-,-,-,-,-,-,-,-,-,-,-,-,-,-,-,-,-,-,-,-,-,-,-,-,-,-,-,-,-,-,-,-,-,-,-,-,-,-,-,-,-,-,-,-,-,-,-,-,-,-,-,-,-,-,-,-,-,-,-,-,-,-,-,-,-,-,-,-,-,-,-,-,-,-,-,-,-,-,-,-,-,-,-,-,-,-,-,-,-,-,-,-,-,-,-,-,10,FALSE,-,-,-,10.0,FALSE,-,-,-,10,FALSE,-,-,-,10.0,FALSE,-,-,-,10.0,FALSE,-,-,-,10,FALSE,-,-,-,10,FALSE,-,-,-,10.0,FALSE,-,-,-,10,FALSE,-,-,-,10.0,FALSE,-,-,-,10.0,FALSE,-,-,-,10,FALSE,-,-,-,10,FALSE,-,-,-,10.0,FALSE,-,-,-,10,FALSE,-,-,-,10.0,FALSE,-,-,-,10.0,FALSE,-,-,-,10,FALSE,-,-,-,10,FALSE,-,-,-,10.0,FALSE,-,-,-,10,FALSE,-,-,-,10.0,FALSE,-,-,-,10.0,FALSE,-,-,-,10,FALSE
56,-,-,-,-,-,-,-,-,-,-,-,-,-,-,-,-,-,-,-,-,-,-,-,-,-,-,-,-,-,-,-,-,-,-,-,-,-,-,-,-,-,-,-,-,-,-,-,-,-,-,-,-,-,-,-,-,-,-,-,-,-,-,-,-,-,-,-,-,-,-,-,-,-,-,-,-,-,-,-,-,-,-,-,-,-,-,-,-,-,-,-,-,-,-,-,-,-,-,-,-,-,-,-,-,-,-,-,-,-,-,-,-,-,-,-,-,-,-,-,-,-,-,-,10,FALSE,-,-,-,10.0,FALSE,-,-,-,10,FALSE,-,-,-,10.0,FALSE,-,-,-,10.0,FALSE,-,-,-,10,FALSE,-,-,-,10,FALSE,-,-,-,10.0,FALSE,-,-,-,10,FALSE,-,-,-,10.0,FALSE,-,-,-,10.0,FALSE,-,-,-,10,FALSE,-,-,-,10,FALSE,-,-,-,10.0,FALSE,-,-,-,10,FALSE,-,-,-,10.0,FALSE,-,-,-,10.0,FALSE,-,-,-,10,FALSE,-,-,-,10,FALSE,-,-,-,10.0,FALSE,-,-,-,10,FALSE,-,-,-,10.0,FALSE,-,-,-,10.0,FALSE,-,-,-,10,FALSE
57,-,-,-,10,FALSE,-,-,-,10.0,FALSE,-,-,-,10,FALSE,-,-,-,10.0,FALSE,-,-,-,10.0,FALSE,-,-,-,10,FALSE,-,-,-,10,FALSE,-,-,-,10.0,FALSE,-,-,-,10,FALSE,-,-,-,10.0,FALSE,-,-,-,10.0,FALSE,-,-,-,10,FALSE,-,-,-,10,FALSE,-,-,-,10.0,FALSE,-,-,-,10,FALSE,-,-,-,10.0,FALSE,-,-,-,10.0,FALSE,-,-,-,10,FALSE,-,-,-,10,FALSE,-,-,-,10.0,FALSE,-,-,-,10,FALSE,-,-,-,10.0,FALSE,-,-,-,10.0,FALSE,-,-,-,10,FALSE,-,-,-,-,-,-,-,-,-,-,-,-,-,-,-,-,-,-,-,-,-,-,-,-,-,-,-,-,-,-,-,-,-,-,-,-,-,-,-,-,-,-,-,-,-,-,-,-,-,-,-,-,-,-,-,-,-,-,-,-,-,-,-,-,-,-,-,-,-,-,-,-,-,-,-,-,-,-,-,-,-,-,-,-,-,-,-,-,-,-,-,-,-,-,-,-,-,-,-,-,-,-,-,-,-,-,-,-,-,-,-,-,-,-,-,-,-,-,-,-
58,-,-,-,10,FALSE,-,-,-,10.0,FALSE,-,-,-,10,FALSE,-,-,-,10.0,FALSE,-,-,-,10.0,FALSE,-,-,-,10,FALSE,-,-,-,10,FALSE,-,-,-,10.0,FALSE,-,-,-,10,FALSE,-,-,-,10.0,FALSE,-,-,-,10.0,FALSE,-,-,-,10,FALSE,-,-,-,10,FALSE,-,-,-,10.0,FALSE,-,-,-,10,FALSE,-,-,-,10.0,FALSE,-,-,-,10.0,FALSE,-,-,-,10,FALSE,-,-,-,10,FALSE,-,-,-,10.0,FALSE,-,-,-,10,FALSE,-,-,-,10.0,FALSE,-,-,-,10.0,FALSE,-,-,-,10,FALSE,-,-,-,-,-,-,-,-,-,-,-,-,-,-,-,-,-,-,-,-,-,-,-,-,-,-,-,-,-,-,-,-,-,-,-,-,-,-,-,-,-,-,-,-,-,-,-,-,-,-,-,-,-,-,-,-,-,-,-,-,-,-,-,-,-,-,-,-,-,-,-,-,-,-,-,-,-,-,-,-,-,-,-,-,-,-,-,-,-,-,-,-,-,-,-,-,-,-,-,-,-,-,-,-,-,-,-,-,-,-,-,-,-,-,-,-,-,-,-,-
59,-,-,-,-,-,-,-,-,-,-,-,-,-,-,-,-,-,-,-,-,-,-,-,-,-,-,-,-,-,-,-,-,-,-,-,-,-,-,-,-,-,-,-,-,-,-,-,-,-,-,-,-,-,-,-,-,-,-,-,-,-,-,-,-,-,-,-,-,-,-,-,-,-,-,-,-,-,-,-,-,-,-,-,-,-,-,-,-,-,-,-,-,-,-,-,-,-,-,-,-,-,-,-,-,-,-,-,-,-,-,-,-,-,-,-,-,-,-,-,-,-,-,-,10,FALSE,-,-,-,10.0,FALSE,-,-,-,10,FALSE,-,-,-,10.0,FALSE,-,-,-,10.0,FALSE,-,-,-,10,FALSE,-,-,-,10,FALSE,-,-,-,10.0,FALSE,-,-,-,10,FALSE,-,-,-,10.0,FALSE,-,-,-,10.0,FALSE,-,-,-,10,FALSE,-,-,-,10,FALSE,-,-,-,10.0,FALSE,-,-,-,10,FALSE,-,-,-,10.0,FALSE,-,-,-,10.0,FALSE,-,-,-,10,FALSE,-,-,-,10,FALSE,-,-,-,10.0,FALSE,-,-,-,10,FALSE,-,-,-,10.0,FALSE,-,-,-,10.0,FALSE,-,-,-,10,FALSE
60,-,-,-,-,-,-,-,-,-,-,-,-,-,-,-,-,-,-,-,-,-,-,-,-,-,-,-,-,-,-,-,-,-,-,-,-,-,-,-,-,-,-,-,-,-,-,-,-,-,-,-,-,-,-,-,-,-,-,-,-,-,-,-,-,-,-,-,-,-,-,-,-,-,-,-,-,-,-,-,-,-,-,-,-,-,-,-,-,-,-,-,-,-,-,-,-,-,-,-,-,-,-,-,-,-,-,-,-,-,-,-,-,-,-,-,-,-,-,-,-,-,-,-,10,FALSE,-,-,-,10.0,FALSE,-,-,-,10,FALSE,-,-,-,10.0,FALSE,-,-,-,10.0,FALSE,-,-,-,10,FALSE,-,-,-,10,FALSE,-,-,-,10.0,FALSE,-,-,-,10,FALSE,-,-,-,10.0,FALSE,-,-,-,10.0,FALSE,-,-,-,10,FALSE,-,-,-,10,FALSE,-,-,-,10.0,FALSE,-,-,-,10,FALSE,-,-,-,10.0,FALSE,-,-,-,10.0,FALSE,-,-,-,10,FALSE,-,-,-,10,FALSE,-,-,-,10.0,FALSE,-,-,-,10,FALSE,-,-,-,10.0,FALSE,-,-,-,10.0,FALSE,-,-,-,10,FALSE
61,-,-,-,10,FALSE,-,-,-,10.0,FALSE,-,-,-,10,FALSE,-,-,-,10.0,FALSE,-,-,-,10.0,FALSE,-,-,-,10,FALSE,-,-,-,10,FALSE,-,-,-,10.0,FALSE,-,-,-,10,FALSE,-,-,-,10.0,FALSE,-,-,-,10.0,FALSE,-,-,-,10,FALSE,-,-,-,10,FALSE,-,-,-,10.0,FALSE,-,-,-,10,FALSE,-,-,-,10.0,FALSE,-,-,-,10.0,FALSE,-,-,-,10,FALSE,-,-,-,10,FALSE,-,-,-,10.0,FALSE,-,-,-,10,FALSE,-,-,-,10.0,FALSE,-,-,-,10.0,FALSE,-,-,-,10,FALSE,-,-,-,-,-,-,-,-,-,-,-,-,-,-,-,-,-,-,-,-,-,-,-,-,-,-,-,-,-,-,-,-,-,-,-,-,-,-,-,-,-,-,-,-,-,-,-,-,-,-,-,-,-,-,-,-,-,-,-,-,-,-,-,-,-,-,-,-,-,-,-,-,-,-,-,-,-,-,-,-,-,-,-,-,-,-,-,-,-,-,-,-,-,-,-,-,-,-,-,-,-,-,-,-,-,-,-,-,-,-,-,-,-,-,-,-,-,-,-,-
62,-,-,-,10,FALSE,-,-,-,10.0,FALSE,-,-,-,10,FALSE,-,-,-,10.0,FALSE,-,-,-,10.0,FALSE,-,-,-,10,FALSE,-,-,-,10,FALSE,-,-,-,10.0,FALSE,-,-,-,10,FALSE,-,-,-,10.0,FALSE,-,-,-,10.0,FALSE,-,-,-,10,FALSE,-,-,-,10,FALSE,-,-,-,10.0,FALSE,-,-,-,10,FALSE,-,-,-,10.0,FALSE,-,-,-,10.0,FALSE,-,-,-,10,FALSE,-,-,-,10,FALSE,-,-,-,10.0,FALSE,-,-,-,10,FALSE,-,-,-,10.0,FALSE,-,-,-,10.0,FALSE,-,-,-,10,FALSE,-,-,-,-,-,-,-,-,-,-,-,-,-,-,-,-,-,-,-,-,-,-,-,-,-,-,-,-,-,-,-,-,-,-,-,-,-,-,-,-,-,-,-,-,-,-,-,-,-,-,-,-,-,-,-,-,-,-,-,-,-,-,-,-,-,-,-,-,-,-,-,-,-,-,-,-,-,-,-,-,-,-,-,-,-,-,-,-,-,-,-,-,-,-,-,-,-,-,-,-,-,-,-,-,-,-,-,-,-,-,-,-,-,-,-,-,-,-,-,-
63,-,-,-,-,-,-,-,-,-,-,-,-,-,-,-,-,-,-,-,-,-,-,-,-,-,-,-,-,-,-,-,-,-,-,-,-,-,-,-,-,-,-,-,-,-,-,-,-,-,-,-,-,-,-,-,-,-,-,-,-,-,-,-,-,-,-,-,-,-,-,-,-,-,-,-,-,-,-,-,-,-,-,-,-,-,-,-,-,-,-,-,-,-,-,-,-,-,-,-,-,-,-,-,-,-,-,-,-,-,-,-,-,-,-,-,-,-,-,-,-,-,-,-,10,FALSE,-,-,-,10.0,FALSE,-,-,-,10,FALSE,-,-,-,10.0,FALSE,-,-,-,10.0,FALSE,-,-,-,10,FALSE,-,-,-,10,FALSE,-,-,-,10.0,FALSE,-,-,-,10,FALSE,-,-,-,10.0,FALSE,-,-,-,10.0,FALSE,-,-,-,10,FALSE,-,-,-,10,FALSE,-,-,-,10.0,FALSE,-,-,-,10,FALSE,-,-,-,10.0,FALSE,-,-,-,10.0,FALSE,-,-,-,10,FALSE,-,-,-,10,FALSE,-,-,-,10.0,FALSE,-,-,-,10,FALSE,-,-,-,10.0,FALSE,-,-,-,10.0,FALSE,-,-,-,10,FALSE
64,-,-,-,-,-,-,-,-,-,-,-,-,-,-,-,-,-,-,-,-,-,-,-,-,-,-,-,-,-,-,-,-,-,-,-,-,-,-,-,-,-,-,-,-,-,-,-,-,-,-,-,-,-,-,-,-,-,-,-,-,-,-,-,-,-,-,-,-,-,-,-,-,-,-,-,-,-,-,-,-,-,-,-,-,-,-,-,-,-,-,-,-,-,-,-,-,-,-,-,-,-,-,-,-,-,-,-,-,-,-,-,-,-,-,-,-,-,-,-,-,-,-,-,10,FALSE,-,-,-,10.0,FALSE,-,-,-,10,FALSE,-,-,-,10.0,FALSE,-,-,-,10.0,FALSE,-,-,-,10,FALSE,-,-,-,10,FALSE,-,-,-,10.0,FALSE,-,-,-,10,FALSE,-,-,-,10.0,FALSE,-,-,-,10.0,FALSE,-,-,-,10,FALSE,-,-,-,10,FALSE,-,-,-,10.0,FALSE,-,-,-,10,FALSE,-,-,-,10.0,FALSE,-,-,-,10.0,FALSE,-,-,-,10,FALSE,-,-,-,10,FALSE,-,-,-,10.0,FALSE,-,-,-,10,FALSE,-,-,-,10.0,FALSE,-,-,-,10.0,FALSE,-,-,-,10,FALSE
65,-,-,-,10,FALSE,-,-,-,10.0,FALSE,-,-,-,10,FALSE,-,-,-,10.0,FALSE,-,-,-,10.0,FALSE,-,-,-,10,FALSE,-,-,-,10,FALSE,-,-,-,10.0,FALSE,-,-,-,10,FALSE,-,-,-,10.0,FALSE,-,-,-,10.0,FALSE,-,-,-,10,FALSE,-,-,-,10,FALSE,-,-,-,10.0,FALSE,-,-,-,10,FALSE,-,-,-,10.0,FALSE,-,-,-,10.0,FALSE,-,-,-,10,FALSE,-,-,-,10,FALSE,-,-,-,10.0,FALSE,-,-,-,10,FALSE,-,-,-,10.0,FALSE,-,-,-,10.0,FALSE,-,-,-,10,FALSE,-,-,-,-,-,-,-,-,-,-,-,-,-,-,-,-,-,-,-,-,-,-,-,-,-,-,-,-,-,-,-,-,-,-,-,-,-,-,-,-,-,-,-,-,-,-,-,-,-,-,-,-,-,-,-,-,-,-,-,-,-,-,-,-,-,-,-,-,-,-,-,-,-,-,-,-,-,-,-,-,-,-,-,-,-,-,-,-,-,-,-,-,-,-,-,-,-,-,-,-,-,-,-,-,-,-,-,-,-,-,-,-,-,-,-,-,-,-,-,-
66,-,-,-,10,FALSE,-,-,-,10.0,FALSE,-,-,-,10,FALSE,-,-,-,10.0,FALSE,-,-,-,10.0,FALSE,-,-,-,10,FALSE,-,-,-,10,FALSE,-,-,-,10.0,FALSE,-,-,-,10,FALSE,-,-,-,10.0,FALSE,-,-,-,10.0,FALSE,-,-,-,10,FALSE,-,-,-,10,FALSE,-,-,-,10.0,FALSE,-,-,-,10,FALSE,-,-,-,10.0,FALSE,-,-,-,10.0,FALSE,-,-,-,10,FALSE,-,-,-,10,FALSE,-,-,-,10.0,FALSE,-,-,-,10,FALSE,-,-,-,10.0,FALSE,-,-,-,10.0,FALSE,-,-,-,10,FALSE,-,-,-,-,-,-,-,-,-,-,-,-,-,-,-,-,-,-,-,-,-,-,-,-,-,-,-,-,-,-,-,-,-,-,-,-,-,-,-,-,-,-,-,-,-,-,-,-,-,-,-,-,-,-,-,-,-,-,-,-,-,-,-,-,-,-,-,-,-,-,-,-,-,-,-,-,-,-,-,-,-,-,-,-,-,-,-,-,-,-,-,-,-,-,-,-,-,-,-,-,-,-,-,-,-,-,-,-,-,-,-,-,-,-,-,-,-,-,-,-
67,-,-,-,-,-,-,-,-,-,-,-,-,-,-,-,-,-,-,-,-,-,-,-,-,-,-,-,-,-,-,-,-,-,-,-,-,-,-,-,-,-,-,-,-,-,-,-,-,-,-,-,-,-,-,-,-,-,-,-,-,-,-,-,-,-,-,-,-,-,-,-,-,-,-,-,-,-,-,-,-,-,-,-,-,-,-,-,-,-,-,-,-,-,-,-,-,-,-,-,-,-,-,-,-,-,-,-,-,-,-,-,-,-,-,-,-,-,-,-,-,-,-,-,10,FALSE,-,-,-,10.0,FALSE,-,-,-,10,FALSE,-,-,-,10.0,FALSE,-,-,-,10.0,FALSE,-,-,-,10,FALSE,-,-,-,10,FALSE,-,-,-,10.0,FALSE,-,-,-,10,FALSE,-,-,-,10.0,FALSE,-,-,-,10.0,FALSE,-,-,-,10,FALSE,-,-,-,10,FALSE,-,-,-,10.0,FALSE,-,-,-,10,FALSE,-,-,-,10.0,FALSE,-,-,-,10.0,FALSE,-,-,-,10,FALSE,-,-,-,10,FALSE,-,-,-,10.0,FALSE,-,-,-,10,FALSE,-,-,-,10.0,FALSE,-,-,-,10.0,FALSE,-,-,-,10,FALSE
68,-,-,-,-,-,-,-,-,-,-,-,-,-,-,-,-,-,-,-,-,-,-,-,-,-,-,-,-,-,-,-,-,-,-,-,-,-,-,-,-,-,-,-,-,-,-,-,-,-,-,-,-,-,-,-,-,-,-,-,-,-,-,-,-,-,-,-,-,-,-,-,-,-,-,-,-,-,-,-,-,-,-,-,-,-,-,-,-,-,-,-,-,-,-,-,-,-,-,-,-,-,-,-,-,-,-,-,-,-,-,-,-,-,-,-,-,-,-,-,-,-,-,-,10,FALSE,-,-,-,10.0,FALSE,-,-,-,10,FALSE,-,-,-,10.0,FALSE,-,-,-,10.0,FALSE,-,-,-,10,FALSE,-,-,-,10,FALSE,-,-,-,10.0,FALSE,-,-,-,10,FALSE,-,-,-,10.0,FALSE,-,-,-,10.0,FALSE,-,-,-,10,FALSE,-,-,-,10,FALSE,-,-,-,10.0,FALSE,-,-,-,10,FALSE,-,-,-,10.0,FALSE,-,-,-,10.0,FALSE,-,-,-,10,FALSE,-,-,-,10,FALSE,-,-,-,10.0,FALSE,-,-,-,10,FALSE,-,-,-,10.0,FALSE,-,-,-,10.0,FALSE,-,-,-,10,FALSE
69,-,-,-,10,FALSE,-,-,-,10.0,FALSE,-,-,-,10,FALSE,-,-,-,10.0,FALSE,-,-,-,10.0,FALSE,-,-,-,10,FALSE,-,-,-,10,FALSE,-,-,-,10.0,FALSE,-,-,-,10,FALSE,-,-,-,10.0,FALSE,-,-,-,10.0,FALSE,-,-,-,10,FALSE,-,-,-,10,FALSE,-,-,-,10.0,FALSE,-,-,-,10,FALSE,-,-,-,10.0,FALSE,-,-,-,10.0,FALSE,-,-,-,10,FALSE,-,-,-,10,FALSE,-,-,-,10.0,FALSE,-,-,-,10,FALSE,-,-,-,10.0,FALSE,-,-,-,10.0,FALSE,-,-,-,10,FALSE,-,-,-,-,-,-,-,-,-,-,-,-,-,-,-,-,-,-,-,-,-,-,-,-,-,-,-,-,-,-,-,-,-,-,-,-,-,-,-,-,-,-,-,-,-,-,-,-,-,-,-,-,-,-,-,-,-,-,-,-,-,-,-,-,-,-,-,-,-,-,-,-,-,-,-,-,-,-,-,-,-,-,-,-,-,-,-,-,-,-,-,-,-,-,-,-,-,-,-,-,-,-,-,-,-,-,-,-,-,-,-,-,-,-,-,-,-,-,-,-
70,-,-,-,10,FALSE,-,-,-,10.0,FALSE,-,-,-,10,FALSE,-,-,-,10.0,FALSE,-,-,-,10.0,FALSE,-,-,-,10,FALSE,-,-,-,10,FALSE,-,-,-,10.0,FALSE,-,-,-,10,FALSE,-,-,-,10.0,FALSE,-,-,-,10.0,FALSE,-,-,-,10,FALSE,-,-,-,10,FALSE,-,-,-,10.0,FALSE,-,-,-,10,FALSE,-,-,-,10.0,FALSE,-,-,-,10.0,FALSE,-,-,-,10,FALSE,-,-,-,10,FALSE,-,-,-,10.0,FALSE,-,-,-,10,FALSE,-,-,-,10.0,FALSE,-,-,-,10.0,FALSE,-,-,-,10,FALSE,-,-,-,-,-,-,-,-,-,-,-,-,-,-,-,-,-,-,-,-,-,-,-,-,-,-,-,-,-,-,-,-,-,-,-,-,-,-,-,-,-,-,-,-,-,-,-,-,-,-,-,-,-,-,-,-,-,-,-,-,-,-,-,-,-,-,-,-,-,-,-,-,-,-,-,-,-,-,-,-,-,-,-,-,-,-,-,-,-,-,-,-,-,-,-,-,-,-,-,-,-,-,-,-,-,-,-,-,-,-,-,-,-,-,-,-,-,-,-,-
71,-,-,-,-,-,-,-,-,-,-,-,-,-,-,-,-,-,-,-,-,-,-,-,-,-,-,-,-,-,-,-,-,-,-,-,-,-,-,-,-,-,-,-,-,-,-,-,-,-,-,-,-,-,-,-,-,-,-,-,-,-,-,-,-,-,-,-,-,-,-,-,-,-,-,-,-,-,-,-,-,-,-,-,-,-,-,-,-,-,-,-,-,-,-,-,-,-,-,-,-,-,-,-,-,-,-,-,-,-,-,-,-,-,-,-,-,-,-,-,-,-,-,-,10,FALSE,-,-,-,10.0,FALSE,-,-,-,10,FALSE,-,-,-,10.0,FALSE,-,-,-,10.0,FALSE,-,-,-,10,FALSE,-,-,-,10,FALSE,-,-,-,10.0,FALSE,-,-,-,10,FALSE,-,-,-,10.0,FALSE,-,-,-,10.0,FALSE,-,-,-,10,FALSE,-,-,-,10,FALSE,-,-,-,10.0,FALSE,-,-,-,10,FALSE,-,-,-,10.0,FALSE,-,-,-,10.0,FALSE,-,-,-,10,FALSE,-,-,-,10,FALSE,-,-,-,10.0,FALSE,-,-,-,10,FALSE,-,-,-,10.0,FALSE,-,-,-,10.0,FALSE,-,-,-,10,FALSE
72,-,-,-,-,-,-,-,-,-,-,-,-,-,-,-,-,-,-,-,-,-,-,-,-,-,-,-,-,-,-,-,-,-,-,-,-,-,-,-,-,-,-,-,-,-,-,-,-,-,-,-,-,-,-,-,-,-,-,-,-,-,-,-,-,-,-,-,-,-,-,-,-,-,-,-,-,-,-,-,-,-,-,-,-,-,-,-,-,-,-,-,-,-,-,-,-,-,-,-,-,-,-,-,-,-,-,-,-,-,-,-,-,-,-,-,-,-,-,-,-,-,-,-,10,FALSE,-,-,-,10.0,FALSE,-,-,-,10,FALSE,-,-,-,10.0,FALSE,-,-,-,10.0,FALSE,-,-,-,10,FALSE,-,-,-,10,FALSE,-,-,-,10.0,FALSE,-,-,-,10,FALSE,-,-,-,10.0,FALSE,-,-,-,10.0,FALSE,-,-,-,10,FALSE,-,-,-,10,FALSE,-,-,-,10.0,FALSE,-,-,-,10,FALSE,-,-,-,10.0,FALSE,-,-,-,10.0,FALSE,-,-,-,10,FALSE,-,-,-,10,FALSE,-,-,-,10.0,FALSE,-,-,-,10,FALSE,-,-,-,10.0,FALSE,-,-,-,10.0,FALSE,-,-,-,10,FALSE
73,-,-,-,10,FALSE,-,-,-,10.0,FALSE,-,-,-,10,FALSE,-,-,-,10.0,FALSE,-,-,-,10.0,FALSE,-,-,-,10,FALSE,-,-,-,10,FALSE,-,-,-,10.0,FALSE,-,-,-,10,FALSE,-,-,-,10.0,FALSE,-,-,-,10.0,FALSE,-,-,-,10,FALSE,-,-,-,10,FALSE,-,-,-,10.0,FALSE,-,-,-,10,FALSE,-,-,-,10.0,FALSE,-,-,-,10.0,FALSE,-,-,-,10,FALSE,-,-,-,10,FALSE,-,-,-,10.0,FALSE,-,-,-,10,FALSE,-,-,-,10.0,FALSE,-,-,-,10.0,FALSE,-,-,-,10,FALSE,-,-,-,-,-,-,-,-,-,-,-,-,-,-,-,-,-,-,-,-,-,-,-,-,-,-,-,-,-,-,-,-,-,-,-,-,-,-,-,-,-,-,-,-,-,-,-,-,-,-,-,-,-,-,-,-,-,-,-,-,-,-,-,-,-,-,-,-,-,-,-,-,-,-,-,-,-,-,-,-,-,-,-,-,-,-,-,-,-,-,-,-,-,-,-,-,-,-,-,-,-,-,-,-,-,-,-,-,-,-,-,-,-,-,-,-,-,-,-,-
74,-,-,-,10,FALSE,-,-,-,10.0,FALSE,-,-,-,10,FALSE,-,-,-,10.0,FALSE,-,-,-,10.0,FALSE,-,-,-,10,FALSE,-,-,-,10,FALSE,-,-,-,10.0,FALSE,-,-,-,10,FALSE,-,-,-,10.0,FALSE,-,-,-,10.0,FALSE,-,-,-,10,FALSE,-,-,-,10,FALSE,-,-,-,10.0,FALSE,-,-,-,10,FALSE,-,-,-,10.0,FALSE,-,-,-,10.0,FALSE,-,-,-,10,FALSE,-,-,-,10,FALSE,-,-,-,10.0,FALSE,-,-,-,10,FALSE,-,-,-,10.0,FALSE,-,-,-,10.0,FALSE,-,-,-,10,FALSE,-,-,-,-,-,-,-,-,-,-,-,-,-,-,-,-,-,-,-,-,-,-,-,-,-,-,-,-,-,-,-,-,-,-,-,-,-,-,-,-,-,-,-,-,-,-,-,-,-,-,-,-,-,-,-,-,-,-,-,-,-,-,-,-,-,-,-,-,-,-,-,-,-,-,-,-,-,-,-,-,-,-,-,-,-,-,-,-,-,-,-,-,-,-,-,-,-,-,-,-,-,-,-,-,-,-,-,-,-,-,-,-,-,-,-,-,-,-,-,-
75,-,-,-,-,-,-,-,-,-,-,-,-,-,-,-,-,-,-,-,-,-,-,-,-,-,-,-,-,-,-,-,-,-,-,-,-,-,-,-,-,-,-,-,-,-,-,-,-,-,-,-,-,-,-,-,-,-,-,-,-,-,-,-,-,-,-,-,-,-,-,-,-,-,-,-,-,-,-,-,-,-,-,-,-,-,-,-,-,-,-,-,-,-,-,-,-,-,-,-,-,-,-,-,-,-,-,-,-,-,-,-,-,-,-,-,-,-,-,-,-,-,-,-,10,FALSE,-,-,-,10.0,FALSE,-,-,-,10,FALSE,-,-,-,10.0,FALSE,-,-,-,10.0,FALSE,-,-,-,10,FALSE,-,-,-,10,FALSE,-,-,-,10.0,FALSE,-,-,-,10,FALSE,-,-,-,10.0,FALSE,-,-,-,10.0,FALSE,-,-,-,10,FALSE,-,-,-,10,FALSE,-,-,-,10.0,FALSE,-,-,-,10,FALSE,-,-,-,10.0,FALSE,-,-,-,10.0,FALSE,-,-,-,10,FALSE,-,-,-,10,FALSE,-,-,-,10.0,FALSE,-,-,-,10,FALSE,-,-,-,10.0,FALSE,-,-,-,10.0,FALSE,-,-,-,10,FALSE
76,-,-,-,-,-,-,-,-,-,-,-,-,-,-,-,-,-,-,-,-,-,-,-,-,-,-,-,-,-,-,-,-,-,-,-,-,-,-,-,-,-,-,-,-,-,-,-,-,-,-,-,-,-,-,-,-,-,-,-,-,-,-,-,-,-,-,-,-,-,-,-,-,-,-,-,-,-,-,-,-,-,-,-,-,-,-,-,-,-,-,-,-,-,-,-,-,-,-,-,-,-,-,-,-,-,-,-,-,-,-,-,-,-,-,-,-,-,-,-,-,-,-,-,10,FALSE,-,-,-,10.0,FALSE,-,-,-,10,FALSE,-,-,-,10.0,FALSE,-,-,-,10.0,FALSE,-,-,-,10,FALSE,-,-,-,10,FALSE,-,-,-,10.0,FALSE,-,-,-,10,FALSE,-,-,-,10.0,FALSE,-,-,-,10.0,FALSE,-,-,-,10,FALSE,-,-,-,10,FALSE,-,-,-,10.0,FALSE,-,-,-,10,FALSE,-,-,-,10.0,FALSE,-,-,-,10.0,FALSE,-,-,-,10,FALSE,-,-,-,10,FALSE,-,-,-,10.0,FALSE,-,-,-,10,FALSE,-,-,-,10.0,FALSE,-,-,-,10.0,FALSE,-,-,-,10,FALSE
77,-,-,-,10,FALSE,-,-,-,10.0,FALSE,-,-,-,10,FALSE,-,-,-,10.0,FALSE,-,-,-,10.0,FALSE,-,-,-,10,FALSE,-,-,-,10,FALSE,-,-,-,10.0,FALSE,-,-,-,10,FALSE,-,-,-,10.0,FALSE,-,-,-,10.0,FALSE,-,-,-,10,FALSE,-,-,-,10,FALSE,-,-,-,10.0,FALSE,-,-,-,10,FALSE,-,-,-,10.0,FALSE,-,-,-,10.0,FALSE,-,-,-,10,FALSE,-,-,-,10,FALSE,-,-,-,10.0,FALSE,-,-,-,10,FALSE,-,-,-,10.0,FALSE,-,-,-,10.0,FALSE,-,-,-,10,FALSE,-,-,-,-,-,-,-,-,-,-,-,-,-,-,-,-,-,-,-,-,-,-,-,-,-,-,-,-,-,-,-,-,-,-,-,-,-,-,-,-,-,-,-,-,-,-,-,-,-,-,-,-,-,-,-,-,-,-,-,-,-,-,-,-,-,-,-,-,-,-,-,-,-,-,-,-,-,-,-,-,-,-,-,-,-,-,-,-,-,-,-,-,-,-,-,-,-,-,-,-,-,-,-,-,-,-,-,-,-,-,-,-,-,-,-,-,-,-,-,-
78,-,-,-,10,FALSE,-,-,-,10.0,FALSE,-,-,-,10,FALSE,-,-,-,10.0,FALSE,-,-,-,10.0,FALSE,-,-,-,10,FALSE,-,-,-,10,FALSE,-,-,-,10.0,FALSE,-,-,-,10,FALSE,-,-,-,10.0,FALSE,-,-,-,10.0,FALSE,-,-,-,10,FALSE,-,-,-,10,FALSE,-,-,-,10.0,FALSE,-,-,-,10,FALSE,-,-,-,10.0,FALSE,-,-,-,10.0,FALSE,-,-,-,10,FALSE,-,-,-,10,FALSE,-,-,-,10.0,FALSE,-,-,-,10,FALSE,-,-,-,10.0,FALSE,-,-,-,10.0,FALSE,-,-,-,10,FALSE,-,-,-,10,FALSE,-,-,-,10.0,FALSE,-,-,-,10,FALSE,-,-,-,10.0,FALSE,-,-,-,10.0,FALSE,-,-,-,10,FALSE,-,-,-,10,FALSE,-,-,-,10.0,FALSE,-,-,-,10,FALSE,-,-,-,10.0,FALSE,-,-,-,10.0,FALSE,-,-,-,10,FALSE,-,-,-,10,FALSE,-,-,-,10.0,FALSE,-,-,-,10,FALSE,-,-,-,10.0,FALSE,-,-,-,10.0,FALSE,-,-,-,10,FALSE,-,-,-,10,FALSE,-,-,-,10.0,FALSE,-,-,-,10,FALSE,-,-,-,10.0,FALSE,-,-,-,10.0,FALSE,-,-,-,10,FALSE
